[11Mar2024 00:01:02.764] [main/INFO] [cpw.mods.modlauncher.Launcher/MODLAUNCHER]: ModLauncher running: args [--launchTarget, forgeserver, --fml.forgeVersion, 43.3.8, --fml.mcVersion, 1.19.2, --fml.forgeGroup, net.minecraftforge, --fml.mcpVersion, 20220805.130853]
[11Mar2024 00:01:02.775] [main/INFO] [cpw.mods.modlauncher.Launcher/MODLAUNCHER]: ModLauncher 10.0.8+10.0.8+main.0ef7e830 starting: java version 21.0.2 by Microsoft; OS Linux arch amd64 version 6.2.0-1019-azure
[11Mar2024 00:01:03.852] [main/INFO] [mixin/]: SpongePowered MIXIN Subsystem Version=0.8.5 Source=union:/workspaces/minecraft-server/Minecraft-server/libraries/org/spongepowered/mixin/0.8.5/mixin-0.8.5.jar%2363!/ Service=ModLauncher Env=SERVER
[11Mar2024 00:01:04.467] [main/WARN] [net.minecraftforge.fml.loading.moddiscovery.ModFileParser/LOADING]: Mod file /workspaces/minecraft-server/Minecraft-server/libraries/net/minecraftforge/fmlcore/1.19.2-43.3.8/fmlcore-1.19.2-43.3.8.jar is missing mods.toml file
[11Mar2024 00:01:04.468] [main/WARN] [net.minecraftforge.fml.loading.moddiscovery.ModFileParser/LOADING]: Mod file /workspaces/minecraft-server/Minecraft-server/libraries/net/minecraftforge/javafmllanguage/1.19.2-43.3.8/javafmllanguage-1.19.2-43.3.8.jar is missing mods.toml file
[11Mar2024 00:01:04.469] [main/WARN] [net.minecraftforge.fml.loading.moddiscovery.ModFileParser/LOADING]: Mod file /workspaces/minecraft-server/Minecraft-server/libraries/net/minecraftforge/lowcodelanguage/1.19.2-43.3.8/lowcodelanguage-1.19.2-43.3.8.jar is missing mods.toml file
[11Mar2024 00:01:04.470] [main/WARN] [net.minecraftforge.fml.loading.moddiscovery.ModFileParser/LOADING]: Mod file /workspaces/minecraft-server/Minecraft-server/libraries/net/minecraftforge/mclanguage/1.19.2-43.3.8/mclanguage-1.19.2-43.3.8.jar is missing mods.toml file
[11Mar2024 00:01:04.726] [main/WARN] [net.minecraftforge.jarjar.selection.JarSelector/]: Attempted to select two dependency jars from JarJar which have the same identification: Mod File:  and Mod File: . Using Mod File: 
[11Mar2024 00:01:04.729] [main/INFO] [net.minecraftforge.fml.loading.moddiscovery.JarInJarDependencyLocator/]: Found 6 dependencies adding them to mods collection
[11Mar2024 00:01:08.190] [main/INFO] [mixin/]: Compatibility level set to JAVA_17
[11Mar2024 00:01:08.452] [main/ERROR] [mixin/]: Mixin config rottencreatures-common.mixins.json does not specify "minVersion" property
[11Mar2024 00:01:08.458] [main/ERROR] [mixin/]: Mixin config rottencreatures.mixins.json does not specify "minVersion" property
[11Mar2024 00:01:08.575] [main/INFO] [mixin/]: Successfully loaded Mixin Connector [tictim.paraglider.MixinConnector]
[11Mar2024 00:01:08.578] [main/INFO] [cpw.mods.modlauncher.LaunchServiceHandler/MODLAUNCHER]: Launching target 'forgeserver' with arguments []
[11Mar2024 00:01:08.713] [main/INFO] [ModernFix/]: Loaded configuration file for ModernFix 5.13.0+mc1.19.2: 79 options available, 0 override(s) found
[11Mar2024 00:01:08.714] [main/INFO] [ModernFix/]: Applying Nashorn fix
[11Mar2024 00:01:08.731] [main/INFO] [ModernFix/]: Applied Forge config corruption patch
[11Mar2024 00:01:08.771] [main/INFO] [Embeddium/]: Loaded configuration file for Embeddium: 153 options available, 0 override(s) found
[11Mar2024 00:01:08.816] [main/WARN] [mixin/]: Reference map 'untamedwilds.refmap.json' for untamedwilds.mixins.json could not be read. If this is a development environment you can ignore this message
[11Mar2024 00:01:08.836] [main/WARN] [mixin/]: Reference map '${refmap_target}refmap.json' for corgilib.forge.mixins.json could not be read. If this is a development environment you can ignore this message
[11Mar2024 00:01:08.843] [main/WARN] [mixin/]: Reference map 'rottencreatures-forge-refmap.json' for rottencreatures.mixins.json could not be read. If this is a development environment you can ignore this message
[11Mar2024 00:01:08.877] [main/WARN] [mixin/]: Reference map 'mes-forge-refmap.json' for mes-forge.mixins.json could not be read. If this is a development environment you can ignore this message
[11Mar2024 00:01:09.578] [main/INFO] [net.minecraftforge.coremod.CoreMod.placebo/COREMODLOG]: Patching IForgeItemStack#getEnchantmentLevel
[11Mar2024 00:01:09.653] [main/INFO] [net.minecraftforge.coremod.CoreMod.placebo/COREMODLOG]: Patching IForgeItemStack#getEnchantmentLevel
[11Mar2024 00:01:10.072] [main/WARN] [mixin/]: Error loading class: vectorwing/farmersdelight/common/block/TomatoVineBlock (java.lang.ClassNotFoundException: vectorwing.farmersdelight.common.block.TomatoVineBlock)
[11Mar2024 00:01:10.074] [main/WARN] [mixin/]: @Mixin target vectorwing.farmersdelight.common.block.TomatoVineBlock was not found supplementaries.mixins.json:CompatFarmersDelightMixin
[11Mar2024 00:01:10.563] [main/WARN] [mixin/]: Error loading class: noobanidus/mods/lootr/config/ConfigManager (java.lang.ClassNotFoundException: noobanidus.mods.lootr.config.ConfigManager)
[11Mar2024 00:01:10.976] [main/INFO] [MixinExtras|Service/]: Initializing MixinExtras via com.llamalad7.mixinextras.service.MixinExtrasServiceImpl(version=0.3.2).
[11Mar2024 00:01:12.023] [main/INFO] [net.minecraft.server.Bootstrap/]: ModernFix reached bootstrap stage (11.62 s after launch)
[11Mar2024 00:01:13.158] [main/INFO] [net.minecraftforge.coremod.CoreMod.placebo/COREMODLOG]: Patching IForgeItemStack#getEnchantmentLevel
[11Mar2024 00:01:13.164] [main/INFO] [net.minecraftforge.coremod.CoreMod.placebo/COREMODLOG]: Patching IForgeItemStack#getEnchantmentLevel
[11Mar2024 00:01:14.535] [main/INFO] [net.minecraft.server.Bootstrap/]: Vanilla bootstrap took 2507 milliseconds
[11Mar2024 00:01:15.282] [main/INFO] [net.minecraftforge.coremod.CoreMod.placebo/COREMODLOG]: Patching IForgeItemStack#getEnchantmentLevel
[11Mar2024 00:01:15.283] [main/INFO] [net.minecraftforge.coremod.CoreMod.placebo/COREMODLOG]: Patching IForgeItemStack#getEnchantmentLevel
[11Mar2024 00:01:17.416] [main/WARN] [mixin/]: Static binding violation: PRIVATE @Overwrite method m_47505_ in modernfix-common.mixins.json:perf.remove_biome_temperature_cache.BiomeMixin cannot reduce visibiliy of PUBLIC target method, visibility will be upgraded.
[11Mar2024 00:01:18.852] [Modding Legacy/blue_skies/Supporters thread/INFO] [ModdingLegacy/blue_skies/Supporter/]: Attempting to load the Modding Legacy supporters list from https://moddinglegacy.com/supporters-changelogs/supporters.txt
[11Mar2024 00:01:19.240] [modloading-worker-0/INFO] [Bookshelf/]: Fixing MC-151457. Crafting remainder for minecraft:pufferfish_bucket is now minecraft:bucket.
[11Mar2024 00:01:19.241] [modloading-worker-0/INFO] [Bookshelf/]: Fixing MC-151457. Crafting remainder for minecraft:salmon_bucket is now minecraft:bucket.
[11Mar2024 00:01:19.241] [modloading-worker-0/INFO] [Bookshelf/]: Fixing MC-151457. Crafting remainder for minecraft:cod_bucket is now minecraft:bucket.
[11Mar2024 00:01:19.241] [modloading-worker-0/INFO] [Bookshelf/]: Fixing MC-151457. Crafting remainder for minecraft:tropical_fish_bucket is now minecraft:bucket.
[11Mar2024 00:01:19.241] [modloading-worker-0/INFO] [Bookshelf/]: Fixing MC-151457. Crafting remainder for minecraft:axolotl_bucket is now minecraft:bucket.
[11Mar2024 00:01:19.241] [modloading-worker-0/INFO] [Bookshelf/]: Fixing MC-151457. Crafting remainder for minecraft:powder_snow_bucket is now minecraft:bucket.
[11Mar2024 00:01:19.241] [modloading-worker-0/INFO] [Bookshelf/]: Fixing MC-151457. Crafting remainder for minecraft:tadpole_bucket is now minecraft:bucket.
[11Mar2024 00:01:19.837] [modloading-worker-0/INFO] [mod.alexndr.simplecorelib.SimpleCoreLib/]: Hello from SimpleCoreLib!
[11Mar2024 00:01:19.871] [Modding Legacy/blue_skies/Supporters thread/INFO] [ModdingLegacy/blue_skies/Supporter/]: Successfully loaded the Modding Legacy supporters list.
[11Mar2024 00:01:20.872] [modloading-worker-0/INFO] [dev.architectury.networking.forge.NetworkManagerImpl/]: Registering C2S receiver with id architectury:sync_ids
[11Mar2024 00:01:20.905] [modloading-worker-0/INFO] [com.cupboard.Cupboard/]: Loaded config for: cupboard.json
[11Mar2024 00:01:21.028] [modloading-worker-0/INFO] [dev.architectury.networking.forge.NetworkManagerImpl/]: Registering C2S receiver with id ftblibrary:edit_nbt_response
[11Mar2024 00:01:21.098] [modloading-worker-0/INFO] [com.jtorleonstudios.libraryferret.LibraryFerret/]: Initialize mod Library Ferret
[11Mar2024 00:01:21.123] [modloading-worker-0/INFO] [com.jtorleonstudios.libraryferret.LibraryFerret/]: Initialized mod Library Ferret
[11Mar2024 00:01:21.156] [modloading-worker-0/ERROR] [net.minecraftforge.eventbus.EventSubclassTransformer/EVENTBUS]: Could not find parent net/minecraft/client/renderer/entity/layers/RenderLayer for class com/obscuria/obscureapi/client/renderer/PatreonLayer in classloader cpw.mods.modlauncher.TransformingClassLoader@5f726750 on thread Thread[#34,modloading-worker-0,5,main]
[11Mar2024 00:01:21.157] [modloading-worker-0/ERROR] [net.minecraftforge.eventbus.EventSubclassTransformer/EVENTBUS]: An error occurred building event handler
java.lang.ClassNotFoundException: net.minecraft.client.renderer.entity.layers.RenderLayer
	at cpw.mods.cl.ModuleClassLoader.loadClass(ModuleClassLoader.java:141) ~[securejarhandler-2.1.4.jar:?]
	at java.lang.ClassLoader.loadClass(ClassLoader.java:526) ~[?:?]
	at net.minecraftforge.eventbus.EventSubclassTransformer.buildEvents(EventSubclassTransformer.java:92) ~[eventbus-6.0.3.jar%2351!/:?]
	at net.minecraftforge.eventbus.EventSubclassTransformer.transform(EventSubclassTransformer.java:44) ~[eventbus-6.0.3.jar%2351!/:?]
	at net.minecraftforge.eventbus.EventBusEngine.processClass(EventBusEngine.java:26) ~[eventbus-6.0.3.jar%2351!/:?]
	at net.minecraftforge.eventbus.service.ModLauncherService.processClassWithFlags(ModLauncherService.java:32) ~[eventbus-6.0.3.jar%2351!/:6.0.3+6.0.3+master.039e4ea9]
	at cpw.mods.modlauncher.LaunchPluginHandler.offerClassNodeToPlugins(LaunchPluginHandler.java:88) ~[modlauncher-10.0.8.jar%2354!/:?]
	at cpw.mods.modlauncher.ClassTransformer.transform(ClassTransformer.java:120) ~[modlauncher-10.0.8.jar%2354!/:?]
	at cpw.mods.modlauncher.TransformingClassLoader.maybeTransformClassBytes(TransformingClassLoader.java:50) ~[modlauncher-10.0.8.jar%2354!/:?]
	at cpw.mods.cl.ModuleClassLoader.readerToClass(ModuleClassLoader.java:113) ~[securejarhandler-2.1.4.jar:?]
	at cpw.mods.cl.ModuleClassLoader.lambda$findClass$15(ModuleClassLoader.java:219) ~[securejarhandler-2.1.4.jar:?]
	at cpw.mods.cl.ModuleClassLoader.loadFromModule(ModuleClassLoader.java:229) ~[securejarhandler-2.1.4.jar:?]
	at cpw.mods.cl.ModuleClassLoader.findClass(ModuleClassLoader.java:219) ~[securejarhandler-2.1.4.jar:?]
	at cpw.mods.cl.ModuleClassLoader.loadClass(ModuleClassLoader.java:135) ~[securejarhandler-2.1.4.jar:?]
	at java.lang.ClassLoader.loadClass(ClassLoader.java:526) ~[?:?]
	at java.lang.ClassLoader.defineClass0(Native Method) ~[?:?]
	at java.lang.System$2.defineClass(System.java:2394) ~[?:?]
	at java.lang.invoke.MethodHandles$Lookup$ClassDefiner.defineClass(MethodHandles.java:2505) ~[?:?]
	at java.lang.invoke.InnerClassLambdaMetafactory.generateInnerClass(InnerClassLambdaMetafactory.java:361) ~[?:?]
	at java.lang.invoke.InnerClassLambdaMetafactory.spinInnerClass(InnerClassLambdaMetafactory.java:286) ~[?:?]
	at java.lang.invoke.InnerClassLambdaMetafactory.buildCallSite(InnerClassLambdaMetafactory.java:221) ~[?:?]
	at java.lang.invoke.LambdaMetafactory.metafactory(LambdaMetafactory.java:341) ~[?:?]
	at java.lang.invoke.BootstrapMethodInvoker.invoke(BootstrapMethodInvoker.java:134) ~[?:?]
	at java.lang.invoke.CallSite.makeSite(CallSite.java:316) ~[?:?]
	at java.lang.invoke.MethodHandleNatives.linkCallSiteImpl(MethodHandleNatives.java:274) ~[?:?]
	at java.lang.invoke.MethodHandleNatives.linkCallSite(MethodHandleNatives.java:264) ~[?:?]
	at com.obscuria.obscureapi.client.renderer.PatreonLayer$Mode.<clinit>(PatreonLayer.java:55) ~[obscure_api-15.jar%23288!/:15]
	at com.obscuria.obscureapi.ObscureAPIConfig$Client.<clinit>(ObscureAPIConfig.java:26) ~[obscure_api-15.jar%23288!/:15]
	at com.obscuria.obscureapi.ObscureAPIConfig.register(ObscureAPIConfig.java:42) ~[obscure_api-15.jar%23288!/:15]
	at com.obscuria.obscureapi.ObscureAPI.<init>(ObscureAPI.java:68) ~[obscure_api-15.jar%23288!/:15]
	at jdk.internal.reflect.DirectConstructorHandleAccessor.newInstance(DirectConstructorHandleAccessor.java:62) ~[?:?]
	at java.lang.reflect.Constructor.newInstanceWithCaller(Constructor.java:502) ~[?:?]
	at java.lang.reflect.Constructor.newInstance(Constructor.java:486) ~[?:?]
	at net.minecraftforge.fml.javafmlmod.FMLModContainer.constructMod(FMLModContainer.java:70) ~[javafmllanguage-1.19.2-43.3.8.jar%23333!/:?]
	at net.minecraftforge.fml.ModContainer.lambda$buildTransitionHandler$4(ModContainer.java:122) ~[fmlcore-1.19.2-43.3.8.jar%23332!/:?]
	at java.util.concurrent.CompletableFuture$AsyncRun.run(CompletableFuture.java:1804) [?:?]
	at java.util.concurrent.CompletableFuture$AsyncRun.exec(CompletableFuture.java:1796) [?:?]
	at java.util.concurrent.ForkJoinTask.doExec(ForkJoinTask.java:387) [?:?]
	at java.util.concurrent.ForkJoinPool$WorkQueue.topLevelExec(ForkJoinPool.java:1312) [?:?]
	at java.util.concurrent.ForkJoinPool.scan(ForkJoinPool.java:1843) [?:?]
	at java.util.concurrent.ForkJoinPool.runWorker(ForkJoinPool.java:1808) [?:?]
	at java.util.concurrent.ForkJoinWorkerThread.run(ForkJoinWorkerThread.java:188) [?:?]
[11Mar2024 00:01:21.159] [modloading-worker-0/ERROR] [net.minecraftforge.fml.loading.RuntimeDistCleaner/DISTXFORM]: Attempted to load class com/obscuria/obscureapi/client/renderer/PatreonLayer for invalid dist DEDICATED_SERVER
[11Mar2024 00:01:21.214] [modloading-worker-0/INFO] [Puzzles Lib/]: Constructing common components for mod mutantmonsters
[11Mar2024 00:01:21.561] [modloading-worker-0/INFO] [mod.alexndr.fusion.Fusion/]: Hello from Fusion!
[11Mar2024 00:01:21.592] [modloading-worker-0/INFO] [FTB XMod Compat/]: Chose [Entity Tags] as the active game stages implementation
[11Mar2024 00:01:21.597] [modloading-worker-0/INFO] [FTB XMod Compat/]: Chose [FALLBACK] as the active permissions implementation
[11Mar2024 00:01:22.488] [modloading-worker-0/INFO] [net.minecraftforge.common.ForgeMod/FORGEMOD]: Forge mod loading, version 43.3.8, for MC 1.19.2 with MCP 20220805.130853
[11Mar2024 00:01:22.489] [modloading-worker-0/INFO] [net.minecraftforge.common.MinecraftForge/FORGE]: MinecraftForge v43.3.8 Initialized
[11Mar2024 00:01:23.021] [modloading-worker-0/INFO] [dev.architectury.networking.forge.NetworkManagerImpl/]: Registering C2S receiver with id whisperwoods:main_channel/cdff7a8a5b4f3f218b5f77ef22e66016
[11Mar2024 00:01:23.025] [modloading-worker-0/INFO] [dev.architectury.networking.forge.NetworkManagerImpl/]: Registering C2S receiver with id whisperwoods:main_channel/773a011a51b630fba84ab824165fbd92
[11Mar2024 00:01:23.025] [modloading-worker-0/INFO] [dev.itsmeow.whisperwoods.WhisperwoodsMod/]: Spooking you...
[11Mar2024 00:01:23.096] [modloading-worker-0/INFO] [quark/]: Found Quark module class vazkii.quark.content.experimental.module.VariantSelectorModule
[11Mar2024 00:01:23.109] [modloading-worker-0/INFO] [quark/]: Found Quark module class vazkii.quark.content.experimental.module.NarratorReadoutModule
[11Mar2024 00:01:23.109] [modloading-worker-0/INFO] [quark/]: Found Quark module class vazkii.quark.content.experimental.module.ClimateControlRemoverModule
[11Mar2024 00:01:23.110] [modloading-worker-0/INFO] [quark/]: Found Quark module class vazkii.quark.content.experimental.module.EnchantmentsBegoneModule
[11Mar2024 00:01:23.112] [modloading-worker-0/INFO] [quark/]: Found Quark module class vazkii.quark.content.experimental.module.GameNerfsModule
[11Mar2024 00:01:23.128] [modloading-worker-0/INFO] [quark/]: Found Quark module class vazkii.quark.content.experimental.module.SpawnerReplacerModule
[11Mar2024 00:01:23.129] [modloading-worker-0/INFO] [quark/]: Found Quark module class vazkii.quark.content.experimental.module.AdjustableChatModule
[11Mar2024 00:01:23.130] [modloading-worker-0/INFO] [quark/]: Found Quark module class vazkii.quark.content.experimental.module.VillagerRerollingReworkModule
[11Mar2024 00:01:23.134] [modloading-worker-0/INFO] [quark/]: Found Quark module class vazkii.quark.content.experimental.module.OverlayShaderModule
[11Mar2024 00:01:23.135] [modloading-worker-0/INFO] [quark/]: Found Quark module class vazkii.quark.content.experimental.module.EnchantmentPredicatesModule
[11Mar2024 00:01:23.136] [modloading-worker-0/INFO] [quark/]: Found Quark module class vazkii.quark.content.building.module.VariantLaddersModule
[11Mar2024 00:01:23.139] [modloading-worker-0/INFO] [quark/]: Found Quark module class vazkii.quark.content.building.module.VariantBookshelvesModule
[11Mar2024 00:01:23.140] [modloading-worker-0/INFO] [quark/]: Found Quark module class vazkii.quark.content.building.module.BambooBackportModule
[11Mar2024 00:01:23.141] [modloading-worker-0/INFO] [quark/]: Found Quark module class vazkii.quark.content.building.module.CompressedBlocksModule
[11Mar2024 00:01:23.158] [modloading-worker-0/INFO] [quark/]: Found Quark module class vazkii.quark.content.building.module.MorePottedPlantsModule
[11Mar2024 00:01:23.159] [modloading-worker-0/INFO] [quark/]: Found Quark module class vazkii.quark.content.building.module.DuskboundBlocksModule
[11Mar2024 00:01:23.159] [modloading-worker-0/INFO] [quark/]: Found Quark module class vazkii.quark.content.building.module.WoodenPostsModule
[11Mar2024 00:01:23.161] [modloading-worker-0/INFO] [quark/]: Found Quark module class vazkii.quark.content.building.module.ThatchModule
[11Mar2024 00:01:23.162] [modloading-worker-0/INFO] [quark/]: Found Quark module class vazkii.quark.content.building.module.MoreStoneVariantsModule
[11Mar2024 00:01:23.163] [modloading-worker-0/INFO] [quark/]: Found Quark module class vazkii.quark.content.building.module.ShearVinesModule
[11Mar2024 00:01:23.166] [modloading-worker-0/INFO] [quark/]: Found Quark module class vazkii.quark.content.building.module.NetherBrickFenceGateModule
[11Mar2024 00:01:23.167] [modloading-worker-0/INFO] [quark/]: Found Quark module class vazkii.quark.content.building.module.GoldBarsModule
[11Mar2024 00:01:23.168] [modloading-worker-0/INFO] [quark/]: Found Quark module class vazkii.quark.content.building.module.RopeModule
[11Mar2024 00:01:23.179] [modloading-worker-0/INFO] [quark/]: Found Quark module class vazkii.quark.content.building.module.CelebratoryLampsModule
[11Mar2024 00:01:23.180] [modloading-worker-0/INFO] [quark/]: Found Quark module class vazkii.quark.content.building.module.SoulSandstoneModule
[11Mar2024 00:01:23.183] [modloading-worker-0/INFO] [quark/]: Found Quark module class vazkii.quark.content.building.module.VariantChestsModule
[11Mar2024 00:01:23.194] [modloading-worker-0/INFO] [quark/]: Found Quark module class vazkii.quark.content.building.module.LeafCarpetModule
[11Mar2024 00:01:23.196] [modloading-worker-0/INFO] [quark/]: Found Quark module class vazkii.quark.content.building.module.FramedGlassModule
[11Mar2024 00:01:23.197] [modloading-worker-0/INFO] [quark/]: Found Quark module class vazkii.quark.content.building.module.VerticalPlanksModule
[11Mar2024 00:01:23.197] [modloading-worker-0/INFO] [quark/]: Found Quark module class vazkii.quark.content.building.module.VariantFurnacesModule
[11Mar2024 00:01:23.205] [modloading-worker-0/INFO] [quark/]: Found Quark module class vazkii.quark.content.building.module.HedgesModule
[11Mar2024 00:01:23.206] [modloading-worker-0/INFO] [quark/]: Found Quark module class vazkii.quark.content.building.module.HollowLogsModule
[11Mar2024 00:01:23.207] [modloading-worker-0/INFO] [quark/]: Found Quark module class vazkii.quark.content.building.module.MidoriModule
[11Mar2024 00:01:23.208] [modloading-worker-0/INFO] [quark/]: Found Quark module class vazkii.quark.content.building.module.RainbowLampsModule
[11Mar2024 00:01:23.222] [modloading-worker-0/INFO] [quark/]: Found Quark module class vazkii.quark.content.building.module.VerticalSlabsModule
[11Mar2024 00:01:23.225] [modloading-worker-0/INFO] [quark/]: Found Quark module class vazkii.quark.content.building.module.ShinglesModule
[11Mar2024 00:01:23.226] [modloading-worker-0/INFO] [quark/]: Found Quark module class vazkii.quark.content.building.module.SturdyStoneModule
[11Mar2024 00:01:23.227] [modloading-worker-0/INFO] [quark/]: Found Quark module class vazkii.quark.content.building.module.StoolsModule
[11Mar2024 00:01:23.228] [modloading-worker-0/INFO] [quark/]: Found Quark module class vazkii.quark.content.building.module.RawMetalBricksModule
[11Mar2024 00:01:23.229] [modloading-worker-0/INFO] [quark/]: Found Quark module class vazkii.quark.content.building.module.MoreMudBlocksModule
[11Mar2024 00:01:23.230] [modloading-worker-0/INFO] [quark/]: Found Quark module class vazkii.quark.content.building.module.GrateModule
[11Mar2024 00:01:23.234] [modloading-worker-0/INFO] [quark/]: Found Quark module class vazkii.quark.content.building.module.JapanesePaletteModule
[11Mar2024 00:01:23.238] [modloading-worker-0/INFO] [quark/]: Found Quark module class vazkii.quark.content.building.module.MoreBrickTypesModule
[11Mar2024 00:01:23.242] [modloading-worker-0/INFO] [quark/]: Found Quark module class vazkii.quark.content.building.module.GlassItemFrameModule
[11Mar2024 00:01:23.244] [modloading-worker-0/INFO] [quark/]: Found Quark module class vazkii.quark.content.building.module.IndustrialPaletteModule
[11Mar2024 00:01:23.248] [modloading-worker-0/INFO] [quark/]: Found Quark module class vazkii.quark.content.world.module.NetherObsidianSpikesModule
[11Mar2024 00:01:23.253] [modloading-worker-0/INFO] [quark/]: Found Quark module class vazkii.quark.content.world.module.PermafrostModule
[11Mar2024 00:01:23.255] [modloading-worker-0/INFO] [quark/]: Found Quark module class vazkii.quark.content.world.module.FairyRingsModule
[11Mar2024 00:01:23.256] [modloading-worker-0/INFO] [quark/]: Found Quark module class vazkii.quark.content.world.module.BigStoneClustersModule
[11Mar2024 00:01:23.276] [modloading-worker-0/INFO] [quark/]: Found Quark module class vazkii.quark.content.world.module.SpiralSpiresModule
[11Mar2024 00:01:23.284] [modloading-worker-0/INFO] [quark/]: Found Quark module class vazkii.quark.content.world.module.AncientWoodModule
[11Mar2024 00:01:23.288] [modloading-worker-0/INFO] [quark/]: Found Quark module class vazkii.quark.content.world.module.NewStoneTypesModule
[11Mar2024 00:01:23.296] [modloading-worker-0/INFO] [quark/]: Found Quark module class vazkii.quark.content.world.module.BlossomTreesModule
[11Mar2024 00:01:23.299] [modloading-worker-0/INFO] [quark/]: Found Quark module class vazkii.quark.content.world.module.GlimmeringWealdModule
[11Mar2024 00:01:23.307] [modloading-worker-0/INFO] [quark/]: Found Quark module class vazkii.quark.content.world.module.MonsterBoxModule
[11Mar2024 00:01:23.310] [modloading-worker-0/INFO] [quark/]: Found Quark module class vazkii.quark.content.world.module.AzaleaWoodModule
[11Mar2024 00:01:23.314] [modloading-worker-0/INFO] [quark/]: Found Quark module class vazkii.quark.content.world.module.NoMoreLavaPocketsModule
[11Mar2024 00:01:23.318] [modloading-worker-0/INFO] [quark/]: Found Quark module class vazkii.quark.content.world.module.CorundumModule
[11Mar2024 00:01:23.326] [modloading-worker-0/INFO] [quark/]: Found Quark module class vazkii.quark.content.world.module.ChorusVegetationModule
[11Mar2024 00:01:23.341] [modloading-worker-0/INFO] [quark/]: Found Quark module class vazkii.quark.content.client.module.CameraModule
[11Mar2024 00:01:23.343] [modloading-worker-0/INFO] [quark/]: Found Quark module class vazkii.quark.content.client.module.ElytraIndicatorModule
[11Mar2024 00:01:23.345] [modloading-worker-0/INFO] [quark/]: Found Quark module class vazkii.quark.content.client.module.ImprovedTooltipsModule
[11Mar2024 00:01:23.347] [modloading-worker-0/INFO] [quark/]: Found Quark module class vazkii.quark.content.client.module.GreenerGrassModule
[11Mar2024 00:01:23.370] [modloading-worker-0/INFO] [quark/]: Found Quark module class vazkii.quark.content.client.module.BucketsShowInhabitantsModule
[11Mar2024 00:01:23.371] [modloading-worker-0/INFO] [quark/]: Found Quark module class vazkii.quark.content.client.module.SoulCandlesModule
[11Mar2024 00:01:23.372] [modloading-worker-0/INFO] [quark/]: Found Quark module class vazkii.quark.content.client.module.AutoWalkKeybindModule
[11Mar2024 00:01:23.376] [modloading-worker-0/INFO] [quark/]: Found Quark module class vazkii.quark.content.client.module.VariantAnimalTexturesModule
[11Mar2024 00:01:23.378] [modloading-worker-0/INFO] [quark/]: Found Quark module class vazkii.quark.content.client.module.MicrocraftingHelperModule
[11Mar2024 00:01:23.384] [modloading-worker-0/INFO] [quark/]: Found Quark module class vazkii.quark.content.client.module.UsesForCursesModule
[11Mar2024 00:01:23.386] [modloading-worker-0/INFO] [quark/]: Found Quark module class vazkii.quark.content.client.module.WoolShutsUpMinecartsModule
[11Mar2024 00:01:23.387] [modloading-worker-0/INFO] [quark/]: Found Quark module class vazkii.quark.content.client.module.BackButtonKeybindModule
[11Mar2024 00:01:23.389] [modloading-worker-0/INFO] [quark/]: Found Quark module class vazkii.quark.content.client.module.ChestSearchingModule
[11Mar2024 00:01:23.394] [modloading-worker-0/INFO] [quark/]: Found Quark module class vazkii.quark.content.client.module.LongRangePickBlockModule
[11Mar2024 00:01:23.401] [modloading-worker-0/INFO] [quark/]: Found Quark module class vazkii.quark.content.client.module.UsageTickerModule
[11Mar2024 00:01:23.403] [modloading-worker-0/INFO] [quark/]: Found Quark module class vazkii.quark.content.automation.module.PistonsMoveTileEntitiesModule
[11Mar2024 00:01:23.405] [modloading-worker-0/INFO] [quark/]: Found Quark module class vazkii.quark.content.automation.module.EnderWatcherModule
[11Mar2024 00:01:23.406] [modloading-worker-0/INFO] [quark/]: Found Quark module class vazkii.quark.content.automation.module.RedstoneRandomizerModule
[11Mar2024 00:01:23.415] [modloading-worker-0/INFO] [quark/]: Found Quark module class vazkii.quark.content.automation.module.FeedingTroughModule
[11Mar2024 00:01:23.417] [modloading-worker-0/INFO] [quark/]: Found Quark module class vazkii.quark.content.automation.module.MetalButtonsModule
[11Mar2024 00:01:23.418] [modloading-worker-0/INFO] [quark/]: Found Quark module class vazkii.quark.content.automation.module.IronRodModule
[11Mar2024 00:01:23.427] [modloading-worker-0/INFO] [quark/]: Found Quark module class vazkii.quark.content.automation.module.ObsidianPlateModule
[11Mar2024 00:01:23.428] [modloading-worker-0/INFO] [quark/]: Found Quark module class vazkii.quark.content.automation.module.ChainsConnectBlocksModule
[11Mar2024 00:01:23.429] [modloading-worker-0/INFO] [quark/]: Found Quark module class vazkii.quark.content.automation.module.GravisandModule
[11Mar2024 00:01:23.432] [modloading-worker-0/INFO] [quark/]: Found Quark module class vazkii.quark.content.automation.module.JukeboxAutomationModule
[11Mar2024 00:01:23.433] [modloading-worker-0/INFO] [quark/]: Found Quark module class vazkii.quark.content.automation.module.DispensersPlaceBlocksModule
[11Mar2024 00:01:23.434] [modloading-worker-0/INFO] [quark/]: Found Quark module class vazkii.quark.content.automation.module.ChuteModule
[11Mar2024 00:01:23.436] [modloading-worker-0/INFO] [quark/]: Found Quark module class vazkii.quark.content.management.module.QuickArmorSwappingModule
[11Mar2024 00:01:23.438] [modloading-worker-0/INFO] [quark/]: Found Quark module class vazkii.quark.content.management.module.ItemSharingModule
[11Mar2024 00:01:23.442] [modloading-worker-0/INFO] [quark/]: Found Quark module class vazkii.quark.content.management.module.AutomaticToolRestockModule
[11Mar2024 00:01:23.455] [modloading-worker-0/INFO] [quark/]: Found Quark module class vazkii.quark.content.management.module.ExpandedItemInteractionsModule
[11Mar2024 00:01:23.456] [modloading-worker-0/INFO] [quark/]: Found Quark module class vazkii.quark.content.management.module.InventorySortingModule
[11Mar2024 00:01:23.457] [modloading-worker-0/INFO] [quark/]: Found Quark module class vazkii.quark.content.management.module.HotbarChangerModule
[11Mar2024 00:01:23.458] [modloading-worker-0/INFO] [quark/]: Found Quark module class vazkii.quark.content.management.module.EasyTransferingModule
[11Mar2024 00:01:23.460] [modloading-worker-0/INFO] [quark/]: Found Quark module class vazkii.quark.content.tweaks.module.GoldToolsHaveFortuneModule
[11Mar2024 00:01:23.469] [modloading-worker-0/INFO] [quark/]: Found Quark module class vazkii.quark.content.tweaks.module.AutomaticRecipeUnlockModule
[11Mar2024 00:01:23.471] [modloading-worker-0/INFO] [quark/]: Found Quark module class vazkii.quark.content.tweaks.module.UtilityRecipesModule
[11Mar2024 00:01:23.472] [modloading-worker-0/INFO] [quark/]: Found Quark module class vazkii.quark.content.tweaks.module.PoisonPotatoUsageModule
[11Mar2024 00:01:23.473] [modloading-worker-0/INFO] [quark/]: Found Quark module class vazkii.quark.content.tweaks.module.BetterElytraRocketModule
[11Mar2024 00:01:23.473] [modloading-worker-0/INFO] [quark/]: Found Quark module class vazkii.quark.content.tweaks.module.RenewableSporeBlossomsModule
[11Mar2024 00:01:23.474] [modloading-worker-0/INFO] [quark/]: Found Quark module class vazkii.quark.content.tweaks.module.CoralOnCactusModule
[11Mar2024 00:01:23.475] [modloading-worker-0/INFO] [quark/]: Found Quark module class vazkii.quark.content.tweaks.module.GlassShardModule
[11Mar2024 00:01:23.477] [modloading-worker-0/INFO] [quark/]: Found Quark module class vazkii.quark.content.tweaks.module.PigLittersModule
[11Mar2024 00:01:23.478] [modloading-worker-0/INFO] [quark/]: Found Quark module class vazkii.quark.content.tweaks.module.CampfiresBoostElytraModule
[11Mar2024 00:01:23.483] [modloading-worker-0/INFO] [quark/]: Found Quark module class vazkii.quark.content.tweaks.module.DyeableItemFramesModule
[11Mar2024 00:01:23.488] [modloading-worker-0/INFO] [quark/]: Found Quark module class vazkii.quark.content.tweaks.module.SlabsToBlocksModule
[11Mar2024 00:01:23.489] [modloading-worker-0/INFO] [quark/]: Found Quark module class vazkii.quark.content.tweaks.module.MapWashingModule
[11Mar2024 00:01:23.493] [modloading-worker-0/INFO] [quark/]: Found Quark module class vazkii.quark.content.tweaks.module.EnhancedLaddersModule
[11Mar2024 00:01:23.497] [modloading-worker-0/INFO] [quark/]: Found Quark module class vazkii.quark.content.tweaks.module.ReacharoundPlacingModule
[11Mar2024 00:01:23.498] [modloading-worker-0/INFO] [quark/]: Found Quark module class vazkii.quark.content.tweaks.module.HorsesSwimModule
[11Mar2024 00:01:23.499] [modloading-worker-0/INFO] [quark/]: Found Quark module class vazkii.quark.content.tweaks.module.SpongeOnWaterPlacementModule
[11Mar2024 00:01:23.500] [modloading-worker-0/INFO] [quark/]: Found Quark module class vazkii.quark.content.tweaks.module.ArmedArmorStandsModule
[11Mar2024 00:01:23.503] [modloading-worker-0/INFO] [quark/]: Found Quark module class vazkii.quark.content.tweaks.module.DoubleDoorOpeningModule
[11Mar2024 00:01:23.504] [modloading-worker-0/INFO] [quark/]: Found Quark module class vazkii.quark.content.tweaks.module.ZombieVillagersOnNormalModule
[11Mar2024 00:01:23.505] [modloading-worker-0/INFO] [quark/]: Found Quark module class vazkii.quark.content.tweaks.module.HoeHarvestingModule
[11Mar2024 00:01:23.509] [modloading-worker-0/INFO] [quark/]: Found Quark module class vazkii.quark.content.tweaks.module.EmotesModule
[11Mar2024 00:01:23.512] [modloading-worker-0/INFO] [quark/]: Found Quark module class vazkii.quark.content.tweaks.module.SlimesToMagmaCubesModule
[11Mar2024 00:01:23.513] [modloading-worker-0/INFO] [quark/]: Found Quark module class vazkii.quark.content.tweaks.module.SnowGolemPlayerHeadsModule
[11Mar2024 00:01:23.514] [modloading-worker-0/INFO] [quark/]: Found Quark module class vazkii.quark.content.tweaks.module.VexesDieWithTheirMastersModule
[11Mar2024 00:01:23.515] [modloading-worker-0/INFO] [quark/]: Found Quark module class vazkii.quark.content.tweaks.module.MoreNoteBlockSoundsModule
[11Mar2024 00:01:23.523] [modloading-worker-0/INFO] [quark/]: Found Quark module class vazkii.quark.content.tweaks.module.PatTheDogsModule
[11Mar2024 00:01:23.535] [modloading-worker-0/INFO] [quark/]: Found Quark module class vazkii.quark.content.tweaks.module.GrabChickensModule
[11Mar2024 00:01:23.536] [modloading-worker-0/INFO] [quark/]: Found Quark module class vazkii.quark.content.tweaks.module.MoreBannerLayersModule
[11Mar2024 00:01:23.537] [modloading-worker-0/INFO] [quark/]: Found Quark module class vazkii.quark.content.tweaks.module.ReplaceScaffoldingModule
[11Mar2024 00:01:23.538] [modloading-worker-0/INFO] [quark/]: Found Quark module class vazkii.quark.content.tweaks.module.DiamondRepairModule
[11Mar2024 00:01:23.539] [modloading-worker-0/INFO] [quark/]: Found Quark module class vazkii.quark.content.tweaks.module.SaferCreaturesModule
[11Mar2024 00:01:23.545] [modloading-worker-0/INFO] [quark/]: Found Quark module class vazkii.quark.content.tweaks.module.LockRotationModule
[11Mar2024 00:01:23.546] [modloading-worker-0/INFO] [quark/]: Found Quark module class vazkii.quark.content.tweaks.module.VillagersFollowEmeraldsModule
[11Mar2024 00:01:23.548] [modloading-worker-0/INFO] [quark/]: Found Quark module class vazkii.quark.content.tweaks.module.CompassesWorkEverywhereModule
[11Mar2024 00:01:23.552] [modloading-worker-0/INFO] [quark/]: Found Quark module class vazkii.quark.content.tweaks.module.NoDurabilityOnCosmeticsModule
[11Mar2024 00:01:23.552] [modloading-worker-0/INFO] [quark/]: Found Quark module class vazkii.quark.content.tweaks.module.SpongesBetterModule
[11Mar2024 00:01:23.553] [modloading-worker-0/INFO] [quark/]: Found Quark module class vazkii.quark.content.tweaks.module.SignEditingModule
[11Mar2024 00:01:23.555] [modloading-worker-0/INFO] [quark/]: Found Quark module class vazkii.quark.content.tweaks.module.SimpleHarvestModule
[11Mar2024 00:01:23.556] [modloading-worker-0/INFO] [quark/]: Found Quark module class vazkii.quark.content.tweaks.module.DragonScalesModule
[11Mar2024 00:01:23.557] [modloading-worker-0/INFO] [quark/]: Found Quark module class vazkii.quark.content.tweaks.module.ShulkerPackingModule
[11Mar2024 00:01:23.558] [modloading-worker-0/INFO] [quark/]: Found Quark module class vazkii.quark.content.mobs.module.FoxhoundModule
[11Mar2024 00:01:23.560] [modloading-worker-0/INFO] [quark/]: Found Quark module class vazkii.quark.content.mobs.module.WraithModule
[11Mar2024 00:01:23.575] [modloading-worker-0/INFO] [quark/]: Found Quark module class vazkii.quark.content.mobs.module.CrabsModule
[11Mar2024 00:01:23.579] [modloading-worker-0/INFO] [quark/]: Found Quark module class vazkii.quark.content.mobs.module.ForgottenModule
[11Mar2024 00:01:23.594] [modloading-worker-0/INFO] [quark/]: Found Quark module class vazkii.quark.content.mobs.module.ShibaModule
[11Mar2024 00:01:23.596] [modloading-worker-0/INFO] [quark/]: Found Quark module class vazkii.quark.content.mobs.module.StonelingsModule
[11Mar2024 00:01:23.605] [modloading-worker-0/INFO] [quark/]: Found Quark module class vazkii.quark.content.mobs.module.ToretoiseModule
[11Mar2024 00:01:23.607] [modloading-worker-0/INFO] [quark/]: Found Quark module class vazkii.quark.content.tools.module.BeaconRedirectionModule
[11Mar2024 00:01:23.608] [modloading-worker-0/INFO] [quark/]: Found Quark module class vazkii.quark.content.tools.module.AmbientDiscsModule
[11Mar2024 00:01:23.610] [modloading-worker-0/INFO] [quark/]: Found Quark module class vazkii.quark.content.tools.module.PathfinderMapsModule
[11Mar2024 00:01:23.614] [modloading-worker-0/INFO] [quark/]: Found Quark module class vazkii.quark.content.tools.module.ColorRunesModule
[11Mar2024 00:01:23.621] [modloading-worker-0/INFO] [quark/]: Found Quark module class vazkii.quark.content.tools.module.PickarangModule
[11Mar2024 00:01:23.626] [modloading-worker-0/INFO] [quark/]: Found Quark module class vazkii.quark.content.tools.module.ParrotEggsModule
[11Mar2024 00:01:23.635] [modloading-worker-0/INFO] [quark/]: Found Quark module class vazkii.quark.content.tools.module.TrowelModule
[11Mar2024 00:01:23.639] [modloading-worker-0/INFO] [quark/]: Found Quark module class vazkii.quark.content.tools.module.AbacusModule
[11Mar2024 00:01:23.647] [modloading-worker-0/INFO] [quark/]: Found Quark module class vazkii.quark.content.tools.module.BottledCloudModule
[11Mar2024 00:01:23.666] [modloading-worker-0/INFO] [quark/]: Found Quark module class vazkii.quark.content.tools.module.TorchArrowModule
[11Mar2024 00:01:23.668] [modloading-worker-0/INFO] [quark/]: Found Quark module class vazkii.quark.content.tools.module.BundleRecipeModule
[11Mar2024 00:01:23.670] [modloading-worker-0/INFO] [quark/]: Found Quark module class vazkii.quark.content.tools.module.AncientTomesModule
[11Mar2024 00:01:23.673] [modloading-worker-0/INFO] [quark/]: Found Quark module class vazkii.quark.content.tools.module.EndermoshMusicDiscModule
[11Mar2024 00:01:23.675] [modloading-worker-0/INFO] [quark/]: Found Quark module class vazkii.quark.content.tools.module.SeedPouchModule
[11Mar2024 00:01:23.678] [modloading-worker-0/INFO] [quark/]: Found Quark module class vazkii.quark.content.tools.module.SkullPikesModule
[11Mar2024 00:01:23.688] [modloading-worker-0/INFO] [quark/]: Found Quark module class vazkii.quark.content.tools.module.SlimeInABucketModule
[11Mar2024 00:01:23.698] [modloading-worker-0/INFO] [quark/]: Found Quark module class vazkii.quark.addons.oddities.module.PipesModule
[11Mar2024 00:01:23.703] [modloading-worker-0/INFO] [quark/]: Found Quark module class vazkii.quark.addons.oddities.module.BackpackModule
[11Mar2024 00:01:23.709] [modloading-worker-0/INFO] [quark/]: Found Quark module class vazkii.quark.addons.oddities.module.TinyPotatoModule
[11Mar2024 00:01:23.711] [modloading-worker-0/INFO] [quark/]: Found Quark module class vazkii.quark.addons.oddities.module.MatrixEnchantingModule
[11Mar2024 00:01:23.714] [modloading-worker-0/INFO] [quark/]: Found Quark module class vazkii.quark.addons.oddities.module.TotemOfHoldingModule
[11Mar2024 00:01:23.726] [modloading-worker-0/INFO] [quark/]: Found Quark module class vazkii.quark.addons.oddities.module.CrateModule
[11Mar2024 00:01:23.728] [modloading-worker-0/INFO] [quark/]: Found Quark module class vazkii.quark.addons.oddities.module.MagnetsModule
[11Mar2024 00:01:23.733] [modloading-worker-0/INFO] [quark/]: Dispatching Module Step CONSTRUCT
[11Mar2024 00:01:23.904] [modloading-worker-0/INFO] [quark/]: Loading Module Pistons Move Tile Entities
[11Mar2024 00:01:23.908] [modloading-worker-0/INFO] [quark/]: Loading Module Ender Watcher
[11Mar2024 00:01:23.909] [modloading-worker-0/INFO] [quark/]: Loading Module Redstone Randomizer
[11Mar2024 00:01:23.909] [modloading-worker-0/INFO] [quark/]: Loading Module Feeding Trough
[11Mar2024 00:01:23.911] [modloading-worker-0/INFO] [quark/]: Loading Module Metal Buttons
[11Mar2024 00:01:23.912] [modloading-worker-0/INFO] [quark/]: Loading Module Iron Rod
[11Mar2024 00:01:23.913] [modloading-worker-0/INFO] [quark/]: Loading Module Obsidian Plate
[11Mar2024 00:01:23.913] [modloading-worker-0/INFO] [quark/]: Loading Module Chains Connect Blocks
[11Mar2024 00:01:23.914] [modloading-worker-0/INFO] [quark/]: Loading Module Gravisand
[11Mar2024 00:01:23.914] [modloading-worker-0/INFO] [quark/]: Loading Module Jukebox Automation
[11Mar2024 00:01:23.916] [modloading-worker-0/INFO] [quark/]: Loading Module Dispensers Place Blocks
[11Mar2024 00:01:23.916] [modloading-worker-0/INFO] [quark/]: Loading Module Chute
[11Mar2024 00:01:23.917] [modloading-worker-0/INFO] [quark/]: Loading Module Variant Ladders
[11Mar2024 00:01:23.917] [modloading-worker-0/INFO] [quark/]: Loading Module Variant Bookshelves
[11Mar2024 00:01:23.918] [modloading-worker-0/INFO] [quark/]: Loading Module Bamboo Backport
[11Mar2024 00:01:23.919] [modloading-worker-0/INFO] [quark/]: Loading Module Compressed Blocks
[11Mar2024 00:01:23.919] [modloading-worker-0/INFO] [quark/]: Loading Module More Potted Plants
[11Mar2024 00:01:23.920] [modloading-worker-0/INFO] [quark/]: Loading Module Duskbound Blocks
[11Mar2024 00:01:23.920] [modloading-worker-0/INFO] [quark/]: Loading Module Wooden Posts
[11Mar2024 00:01:23.921] [modloading-worker-0/INFO] [quark/]: Loading Module Thatch
[11Mar2024 00:01:23.922] [modloading-worker-0/INFO] [quark/]: Loading Module More Stone Variants
[11Mar2024 00:01:23.922] [modloading-worker-0/INFO] [quark/]: Loading Module Shear Vines
[11Mar2024 00:01:23.924] [modloading-worker-0/INFO] [quark/]: Loading Module Nether Brick Fence Gate
[11Mar2024 00:01:23.924] [modloading-worker-0/INFO] [quark/]: Loading Module Gold Bars
[11Mar2024 00:01:23.925] [modloading-worker-0/INFO] [quark/]: Loading Module Rope
[11Mar2024 00:01:23.925] [modloading-worker-0/INFO] [quark/]: Loading Module Celebratory Lamps
[11Mar2024 00:01:23.926] [modloading-worker-0/INFO] [quark/]: Loading Module Soul Sandstone
[11Mar2024 00:01:23.927] [modloading-worker-0/INFO] [quark/]: Loading Module Variant Chests
[11Mar2024 00:01:23.931] [modloading-worker-0/INFO] [quark/]: Loading Module Leaf Carpet
[11Mar2024 00:01:23.935] [modloading-worker-0/INFO] [quark/]: Loading Module Framed Glass
[11Mar2024 00:01:23.936] [modloading-worker-0/INFO] [quark/]: Loading Module Vertical Planks
[11Mar2024 00:01:23.936] [modloading-worker-0/INFO] [quark/]: Loading Module Variant Furnaces
[11Mar2024 00:01:23.936] [modloading-worker-0/INFO] [quark/]: Loading Module Hedges
[11Mar2024 00:01:23.937] [modloading-worker-0/INFO] [quark/]: Loading Module Hollow Logs
[11Mar2024 00:01:23.939] [modloading-worker-0/INFO] [quark/]: Loading Module Midori
[11Mar2024 00:01:23.939] [modloading-worker-0/INFO] [quark/]: Loading Module Rainbow Lamps
[11Mar2024 00:01:23.940] [modloading-worker-0/INFO] [quark/]: Loading Module Vertical Slabs
[11Mar2024 00:01:23.940] [modloading-worker-0/INFO] [quark/]: Loading Module Shingles
[11Mar2024 00:01:23.941] [modloading-worker-0/INFO] [quark/]: Loading Module Sturdy Stone
[11Mar2024 00:01:23.941] [modloading-worker-0/INFO] [quark/]: Loading Module Stools
[11Mar2024 00:01:23.947] [modloading-worker-0/INFO] [quark/]: Loading Module Raw Metal Bricks
[11Mar2024 00:01:23.948] [modloading-worker-0/INFO] [quark/]: Loading Module More Mud Blocks
[11Mar2024 00:01:23.948] [modloading-worker-0/INFO] [quark/]: Loading Module Grate
[11Mar2024 00:01:23.953] [modloading-worker-0/INFO] [quark/]: Loading Module Japanese Palette
[11Mar2024 00:01:23.954] [modloading-worker-0/INFO] [quark/]: Loading Module More Brick Types
[11Mar2024 00:01:23.955] [modloading-worker-0/INFO] [quark/]: Loading Module Glass Item Frame
[11Mar2024 00:01:23.957] [modloading-worker-0/INFO] [quark/]: Loading Module Industrial Palette
[11Mar2024 00:01:23.958] [modloading-worker-0/INFO] [quark/]: Loading Module Quick Armor Swapping
[11Mar2024 00:01:23.961] [modloading-worker-0/INFO] [quark/]: Loading Module Item Sharing
[11Mar2024 00:01:23.962] [modloading-worker-0/INFO] [quark/]: Loading Module Automatic Tool Restock
[11Mar2024 00:01:23.965] [modloading-worker-0/INFO] [quark/]: Loading Module Expanded Item Interactions
[11Mar2024 00:01:23.969] [modloading-worker-0/INFO] [quark/]: Loading Module Inventory Sorting
[11Mar2024 00:01:23.969] [modloading-worker-0/INFO] [Puzzles Lib/]: Constructing common components for mod puzzleslib
[11Mar2024 00:01:23.970] [modloading-worker-0/INFO] [quark/]: Loading Module Hotbar Changer
[11Mar2024 00:01:23.971] [modloading-worker-0/INFO] [quark/]: Loading Module Easy Transfering
[11Mar2024 00:01:23.971] [modloading-worker-0/INFO] [quark/]: Loading Module Beacon Redirection
[11Mar2024 00:01:23.972] [modloading-worker-0/INFO] [quark/]: Loading Module Ambient Discs
[11Mar2024 00:01:23.973] [modloading-worker-0/INFO] [quark/]: Loading Module Pathfinder Maps
[11Mar2024 00:01:23.992] [modloading-worker-0/INFO] [quark/]: Loading Module Color Runes
[11Mar2024 00:01:23.999] [modloading-worker-0/INFO] [quark/]: Loading Module Pickarang
[11Mar2024 00:01:24.004] [modloading-worker-0/INFO] [quark/]: Loading Module Parrot Eggs
[11Mar2024 00:01:24.006] [modloading-worker-0/INFO] [quark/]: Loading Module Trowel
[11Mar2024 00:01:24.007] [modloading-worker-0/INFO] [quark/]: Loading Module Abacus
[11Mar2024 00:01:24.007] [modloading-worker-0/INFO] [quark/]: Loading Module Bottled Cloud
[11Mar2024 00:01:24.009] [modloading-worker-0/INFO] [quark/]: Loading Module Torch Arrow
[11Mar2024 00:01:24.011] [modloading-worker-0/INFO] [quark/]: Loading Module Bundle Recipe
[11Mar2024 00:01:24.011] [modloading-worker-0/INFO] [quark/]: Loading Module Ancient Tomes
[11Mar2024 00:01:24.031] [modloading-worker-0/INFO] [quark/]: Loading Module Endermosh Music Disc
[11Mar2024 00:01:24.036] [modloading-worker-0/INFO] [quark/]: Loading Module Seed Pouch
[11Mar2024 00:01:24.039] [modloading-worker-0/INFO] [quark/]: Loading Module Skull Pikes
[11Mar2024 00:01:24.040] [modloading-worker-0/INFO] [quark/]: Loading Module Slime In A Bucket
[11Mar2024 00:01:24.041] [modloading-worker-0/INFO] [quark/]: Loading Module Gold Tools Have Fortune
[11Mar2024 00:01:24.041] [modloading-worker-0/INFO] [quark/]: Loading Module Automatic Recipe Unlock
[11Mar2024 00:01:24.042] [modloading-worker-0/INFO] [quark/]: Loading Module Utility Recipes
[11Mar2024 00:01:24.043] [modloading-worker-0/INFO] [quark/]: Loading Module Poison Potato Usage
[11Mar2024 00:01:24.044] [modloading-worker-0/INFO] [quark/]: Loading Module Better Elytra Rocket
[11Mar2024 00:01:24.045] [modloading-worker-0/INFO] [quark/]: Loading Module Renewable Spore Blossoms
[11Mar2024 00:01:24.064] [modloading-worker-0/INFO] [quark/]: Loading Module Coral On Cactus
[11Mar2024 00:01:24.064] [modloading-worker-0/INFO] [quark/]: Loading Module Glass Shard
[11Mar2024 00:01:24.065] [modloading-worker-0/INFO] [quark/]: Loading Module Pig Litters
[11Mar2024 00:01:24.067] [modloading-worker-0/INFO] [quark/]: Loading Module Campfires Boost Elytra
[11Mar2024 00:01:24.068] [modloading-worker-0/INFO] [quark/]: Loading Module Dyeable Item Frames
[11Mar2024 00:01:24.068] [modloading-worker-0/INFO] [quark/]: Loading Module Slabs To Blocks
[11Mar2024 00:01:24.071] [modloading-worker-0/INFO] [quark/]: Loading Module Map Washing
[11Mar2024 00:01:24.071] [modloading-worker-0/INFO] [quark/]: Loading Module Enhanced Ladders
[11Mar2024 00:01:24.072] [modloading-worker-0/INFO] [quark/]: Loading Module Reacharound Placing
[11Mar2024 00:01:24.075] [modloading-worker-0/INFO] [quark/]: Loading Module Horses Swim
[11Mar2024 00:01:24.078] [modloading-worker-0/INFO] [quark/]: Loading Module Sponge On Water Placement
[11Mar2024 00:01:24.089] [modloading-worker-0/INFO] [quark/]: Loading Module Armed Armor Stands
[11Mar2024 00:01:24.090] [modloading-worker-0/INFO] [quark/]: Loading Module Double Door Opening
[11Mar2024 00:01:24.091] [modloading-worker-0/INFO] [quark/]: Loading Module Zombie Villagers On Normal
[11Mar2024 00:01:24.102] [modloading-worker-0/INFO] [quark/]: Loading Module Hoe Harvesting
[11Mar2024 00:01:24.105] [modloading-worker-0/INFO] [quark/]: Loading Module Emotes
[11Mar2024 00:01:24.105] [modloading-worker-0/INFO] [quark/]: Loading Module Slimes To Magma Cubes
[11Mar2024 00:01:24.106] [modloading-worker-0/INFO] [quark/]: Loading Module Snow Golem Player Heads
[11Mar2024 00:01:24.107] [modloading-worker-0/INFO] [quark/]: Loading Module Vexes Die With Their Masters
[11Mar2024 00:01:24.108] [modloading-worker-0/INFO] [quark/]: Loading Module More Note Block Sounds
[11Mar2024 00:01:24.109] [modloading-worker-0/INFO] [quark/]: Loading Module Pat The Dogs
[11Mar2024 00:01:24.133] [modloading-worker-0/INFO] [quark/]: Loading Module Grab Chickens
[11Mar2024 00:01:24.135] [modloading-worker-0/INFO] [quark/]: Loading Module More Banner Layers
[11Mar2024 00:01:24.135] [modloading-worker-0/INFO] [quark/]: Loading Module Replace Scaffolding
[11Mar2024 00:01:24.136] [modloading-worker-0/INFO] [quark/]: Loading Module Diamond Repair
[11Mar2024 00:01:24.137] [modloading-worker-0/INFO] [quark/]: Loading Module Safer Creatures
[11Mar2024 00:01:24.138] [modloading-worker-0/INFO] [quark/]: Loading Module Lock Rotation
[11Mar2024 00:01:24.140] [modloading-worker-0/INFO] [quark/]: Loading Module Villagers Follow Emeralds
[11Mar2024 00:01:24.145] [modloading-worker-0/INFO] [quark/]: Loading Module Compasses Work Everywhere
[11Mar2024 00:01:24.146] [modloading-worker-0/INFO] [quark/]: Loading Module No Durability On Cosmetics
[11Mar2024 00:01:24.147] [modloading-worker-0/INFO] [quark/]: Loading Module Sponges Better
[11Mar2024 00:01:24.148] [modloading-worker-0/INFO] [quark/]: Loading Module Sign Editing
[11Mar2024 00:01:24.149] [modloading-worker-0/INFO] [quark/]: Loading Module Simple Harvest
[11Mar2024 00:01:24.164] [modloading-worker-0/INFO] [quark/]: Loading Module Dragon Scales
[11Mar2024 00:01:24.166] [modloading-worker-0/INFO] [quark/]: Loading Module Shulker Packing
[11Mar2024 00:01:24.167] [modloading-worker-0/INFO] [quark/]: Loading Module Nether Obsidian Spikes
[11Mar2024 00:01:24.169] [modloading-worker-0/INFO] [quark/]: Loading Module Permafrost
[11Mar2024 00:01:24.170] [modloading-worker-0/INFO] [quark/]: Loading Module Fairy Rings
[11Mar2024 00:01:24.170] [modloading-worker-0/INFO] [quark/]: Loading Module Big Stone Clusters
[11Mar2024 00:01:24.171] [modloading-worker-0/INFO] [quark/]: Loading Module Spiral Spires
[11Mar2024 00:01:24.173] [modloading-worker-0/INFO] [quark/]: Loading Module Ancient Wood
[11Mar2024 00:01:24.181] [modloading-worker-0/INFO] [quark/]: Loading Module New Stone Types
[11Mar2024 00:01:24.182] [modloading-worker-0/INFO] [quark/]: Loading Module Blossom Trees
[11Mar2024 00:01:24.182] [modloading-worker-0/INFO] [quark/]: Loading Module Glimmering Weald
[11Mar2024 00:01:24.182] [modloading-worker-0/INFO] [quark/]: Loading Module Monster Box
[11Mar2024 00:01:24.184] [modloading-worker-0/INFO] [quark/]: Loading Module Azalea Wood
[11Mar2024 00:01:24.184] [modloading-worker-0/INFO] [quark/]: Loading Module No More Lava Pockets
[11Mar2024 00:01:24.184] [modloading-worker-0/INFO] [quark/]: Loading Module Corundum
[11Mar2024 00:01:24.185] [modloading-worker-0/INFO] [quark/]: Loading Module Chorus Vegetation
[11Mar2024 00:01:24.185] [modloading-worker-0/INFO] [quark/]: Loading Module Foxhound
[11Mar2024 00:01:24.189] [modloading-worker-0/INFO] [quark/]: Loading Module Wraith
[11Mar2024 00:01:24.189] [modloading-worker-0/INFO] [quark/]: Loading Module Crabs
[11Mar2024 00:01:24.192] [modloading-worker-0/INFO] [quark/]: Loading Module Forgotten
[11Mar2024 00:01:24.192] [modloading-worker-0/INFO] [quark/]: Loading Module Shiba
[11Mar2024 00:01:24.193] [modloading-worker-0/INFO] [quark/]: Loading Module Stonelings
[11Mar2024 00:01:24.195] [modloading-worker-0/INFO] [quark/]: Loading Module Toretoise
[11Mar2024 00:01:24.198] [modloading-worker-0/INFO] [quark/]: Loading Module Camera
[11Mar2024 00:01:24.198] [modloading-worker-0/INFO] [quark/]: Loading Module Elytra Indicator
[11Mar2024 00:01:24.198] [modloading-worker-0/INFO] [quark/]: Loading Module Improved Tooltips
[11Mar2024 00:01:24.199] [modloading-worker-0/INFO] [quark/]: Loading Module Greener Grass
[11Mar2024 00:01:24.199] [modloading-worker-0/INFO] [quark/]: Loading Module Buckets Show Inhabitants
[11Mar2024 00:01:24.199] [modloading-worker-0/INFO] [quark/]: Loading Module Soul Candles
[11Mar2024 00:01:24.199] [modloading-worker-0/INFO] [quark/]: Loading Module Auto Walk Keybind
[11Mar2024 00:01:24.199] [modloading-worker-0/INFO] [quark/]: Loading Module Variant Animal Textures
[11Mar2024 00:01:24.199] [modloading-worker-0/INFO] [quark/]: Loading Module Microcrafting Helper
[11Mar2024 00:01:24.199] [modloading-worker-0/INFO] [quark/]: Loading Module Uses For Curses
[11Mar2024 00:01:24.199] [modloading-worker-0/INFO] [quark/]: Loading Module Wool Shuts Up Minecarts
[11Mar2024 00:01:24.199] [modloading-worker-0/INFO] [quark/]: Loading Module Back Button Keybind
[11Mar2024 00:01:24.200] [modloading-worker-0/INFO] [quark/]: Loading Module Chest Searching
[11Mar2024 00:01:24.200] [modloading-worker-0/INFO] [quark/]: Loading Module Long Range Pick Block
[11Mar2024 00:01:24.200] [modloading-worker-0/INFO] [quark/]: Loading Module Usage Ticker
[11Mar2024 00:01:24.200] [modloading-worker-0/INFO] [quark/]: Loading Module Variant Selector
[11Mar2024 00:01:24.200] [modloading-worker-0/INFO] [quark/]: Loading Module Narrator Readout
[11Mar2024 00:01:24.200] [modloading-worker-0/INFO] [quark/]: Loading Module Climate Control Remover
[11Mar2024 00:01:24.204] [modloading-worker-0/INFO] [quark/]: Loading Module Enchantments Begone
[11Mar2024 00:01:24.204] [modloading-worker-0/INFO] [quark/]: Loading Module Game Nerfs
[11Mar2024 00:01:24.204] [modloading-worker-0/INFO] [quark/]: Loading Module Spawner Replacer
[11Mar2024 00:01:24.204] [modloading-worker-0/INFO] [quark/]: Loading Module Adjustable Chat
[11Mar2024 00:01:24.204] [modloading-worker-0/INFO] [quark/]: Loading Module Villager Rerolling Rework
[11Mar2024 00:01:24.204] [modloading-worker-0/INFO] [quark/]: Loading Module Overlay Shader
[11Mar2024 00:01:24.204] [modloading-worker-0/INFO] [quark/]: Loading Module Enchantment Predicates
[11Mar2024 00:01:24.205] [modloading-worker-0/INFO] [quark/]: Loading Module Pipes
[11Mar2024 00:01:24.205] [modloading-worker-0/INFO] [quark/]: Loading Module Backpack
[11Mar2024 00:01:24.205] [modloading-worker-0/INFO] [quark/]: Loading Module Tiny Potato
[11Mar2024 00:01:24.205] [modloading-worker-0/INFO] [quark/]: Loading Module Matrix Enchanting
[11Mar2024 00:01:24.205] [modloading-worker-0/INFO] [quark/]: Loading Module Totem Of Holding
[11Mar2024 00:01:24.205] [modloading-worker-0/INFO] [quark/]: Loading Module Crate
[11Mar2024 00:01:24.205] [modloading-worker-0/INFO] [quark/]: Loading Module Magnets
[11Mar2024 00:01:24.394] [modloading-worker-0/INFO] [be.florens.expandability.ExpandAbility/]: ExpandAbility here, who dis?
[11Mar2024 00:01:25.810] [main/INFO] [quark/]: Dispatching Module Step REGISTER
[11Mar2024 00:01:26.172] [main/INFO] [quark/]: Dispatching Module Step POST_REGISTER
[11Mar2024 00:01:27.997] [main/WARN] [moonlight/]: Failed to find custom wood type byg:embur
[11Mar2024 00:01:28.022] [main/INFO] [moonlight/]: Initialized block sets in 27ms
[11Mar2024 00:01:28.372] [main/ERROR] [net.minecraft.Util/]: Adding duplicate key 'ResourceKey[minecraft:worldgen/structure_processor / minecraft:capped]' to registry
[11Mar2024 00:01:28.372] [main/ERROR] [net.minecraft.Util/]: Adding duplicate value 'com.min01.archaeology.init.ArchaeologyStructureProcessorType$$Lambda/0x00007fadda1f88d0@16f9e893' to registry
[11Mar2024 00:01:29.917] [Thread-0/INFO] [ModernFix/]: Please use /mfsrc to reload any changed mod config files
[11Mar2024 00:01:30.012] [main/INFO] [Puzzles Lib/]: Loading common config for mutantmonsters
[11Mar2024 00:01:30.039] [main/WARN] [net.minecraftforge.common.ForgeConfigSpec/CORE]: Configuration file /workspaces/minecraft-server/Minecraft-server/config/rottencreatures-common.toml is not correct. Correcting
[11Mar2024 00:01:30.040] [main/WARN] [net.minecraftforge.common.ForgeConfigSpec/CORE]: Incorrect key Mob Spawns.Immortal Chance was corrected from 0.025 to its default, 0.025. 
[11Mar2024 00:01:30.065] [main/INFO] [quark/]: Dispatching Module Step CONFIG_CHANGED
[11Mar2024 00:01:30.117] [modloading-worker-0/INFO] [com.connectivity.Connectivity/]: Connectivity initialized
[11Mar2024 00:01:30.118] [modloading-worker-0/INFO] [com.gpumemleakfix.Gpumemleakfix/]: gpumemleakfix mod initialized
[11Mar2024 00:01:30.144] [modloading-worker-0/INFO] [com.lootintegrations.LootintegrationsMod/]: lootintegrations mod initialized
[11Mar2024 00:01:30.177] [modloading-worker-0/INFO] [com.dragonfight.DragonfightMod/]: dragonfight mod initialized
[11Mar2024 00:01:30.236] [modloading-worker-0/INFO] [untamedwilds.UntamedWilds/]: Registering Packets!
[11Mar2024 00:01:30.235] [Modding Legacy/conjurer_illager/Supporters thread/INFO] [ModdingLegacy/conjurer_illager/Supporter/]: Attempting to load the Modding Legacy supporters list from https://moddinglegacy.com/supporters-changelogs/supporters.txt
[11Mar2024 00:01:30.243] [modloading-worker-0/INFO] [fusion Mod Event Subscriber/]: Simple Ores is not loaded.
[11Mar2024 00:01:30.253] [modloading-worker-0/INFO] [mekanism.common.Mekanism/]: Version 10.3.9 initializing...
[11Mar2024 00:01:30.264] [modloading-worker-0/INFO] [mekanism.common.Mekanism/]: Loaded 'Mekanism: Generators' module.
[11Mar2024 00:01:30.266] [modloading-worker-0/INFO] [mekanism.common.Mekanism/]: Loaded 'Mekanism: Additions' module.
[11Mar2024 00:01:30.268] [modloading-worker-0/INFO] [mekanism.common.Mekanism/]: Loaded 'Mekanism: Tools' module.
[11Mar2024 00:01:30.282] [modloading-worker-0/INFO] [dev.itsmeow.whisperwoods.WhisperwoodsMod/]: Summoning a hidebehind to eat you...
[11Mar2024 00:01:30.322] [Modding Legacy/conjurer_illager/Supporters thread/INFO] [ModdingLegacy/conjurer_illager/Supporter/]: Successfully loaded the Modding Legacy supporters list.
[11Mar2024 00:01:30.328] [modloading-worker-0/INFO] [quark/]: Dispatching Module Step CONFIG_CHANGED
[11Mar2024 00:01:30.335] [modloading-worker-0/INFO] [quark/]: Dispatching Module Step SETUP
[11Mar2024 00:01:30.338] [modloading-worker-0/INFO] [CorgiLib/]: Initializing network...
[11Mar2024 00:01:30.348] [modloading-worker-0/INFO] [CorgiLib/]: Initialized network!
[11Mar2024 00:01:30.352] [modloading-worker-0/INFO] [com.chunksending.ChunkSending/]: chunksending mod initialized
[11Mar2024 00:01:30.364] [Forge Version Check/INFO] [net.minecraftforge.fml.VersionChecker/]: [blue_skies] Starting version check at http://changelogs.moddinglegacy.com/blue-skies.json
[11Mar2024 00:01:30.370] [modloading-worker-0/INFO] [mekanism.common.Mekanism/]: Fake player readout: UUID = 46e82cd0-d480-3d48-800a-77431ede078e, name = [Mekanism]
[11Mar2024 00:01:30.371] [modloading-worker-0/INFO] [mekanism.common.Mekanism/]: Mod loaded.
[11Mar2024 00:01:30.721] [main/INFO] [ModdingLegacy/StructureGel/]: [structure_gel] Registering data for structure_gel:loot_table_alias
[11Mar2024 00:01:30.729] [main/INFO] [ModdingLegacy/StructureGel/]: [structure_gel] Registering data for structure_gel:data_handler_type
[11Mar2024 00:01:30.732] [main/INFO] [ModdingLegacy/StructureGel/]: [structure_gel] Registering data for structure_gel:dynamic_spawner
[11Mar2024 00:01:30.733] [main/INFO] [ModdingLegacy/StructureGel/]: [structure_gel] Registering data for structure_gel:jigsaw_type
[11Mar2024 00:01:30.752] [main/INFO] [journeymap/]: Initializing Packet Registries
[11Mar2024 00:01:30.759] [Forge Version Check/INFO] [net.minecraftforge.fml.VersionChecker/]: [blue_skies] Found status: UP_TO_DATE Current: 1.3.20 Target: null
[11Mar2024 00:01:30.763] [Forge Version Check/INFO] [net.minecraftforge.fml.VersionChecker/]: [controlling] Starting version check at https://updates.blamejared.com/get?n=controlling&gv=1.19.2
[11Mar2024 00:01:30.945] [main/INFO] [moonlight/]: Initialized color sets in 68ms
[11Mar2024 00:01:31.061] [main/INFO] [moonlight/]: Initialized color sets in 115ms
[11Mar2024 00:01:31.147] [main/INFO] [supplementaries/]: Finished mod setup in: [0, 18, 2, 0, 0, 0, 0, 0, 1] ms
[11Mar2024 00:01:31.175] [Forge Version Check/INFO] [net.minecraftforge.fml.VersionChecker/]: [controlling] Found status: BETA Current: 10.0+7 Target: 10.0+7
[11Mar2024 00:01:31.175] [Forge Version Check/INFO] [net.minecraftforge.fml.VersionChecker/]: [bookshelf] Starting version check at https://updates.blamejared.com/get?n=bookshelf&gv=1.19.2
[11Mar2024 00:01:31.196] [main/INFO] [terrablender/]: Registered region minecraft:overworld to index 0 for type OVERWORLD
[11Mar2024 00:01:31.202] [main/INFO] [terrablender/]: Registered region minecraft:nether to index 0 for type NETHER
[11Mar2024 00:01:31.202] [main/INFO] [terrablender/]: Registered region byg:region_0 to index 1 for type OVERWORLD
[11Mar2024 00:01:31.203] [main/INFO] [terrablender/]: Registered region byg:region_1 to index 2 for type OVERWORLD
[11Mar2024 00:01:31.212] [main/INFO] [terrablender/]: Registered region byg:region_2 to index 3 for type OVERWORLD
[11Mar2024 00:01:31.213] [main/INFO] [terrablender/]: Registered region byg:region_3 to index 4 for type OVERWORLD
[11Mar2024 00:01:31.271] [Forge Version Check/INFO] [net.minecraftforge.fml.VersionChecker/]: [bookshelf] Found status: BETA Current: 16.3.20 Target: 16.3.20
[11Mar2024 00:01:31.271] [Forge Version Check/INFO] [net.minecraftforge.fml.VersionChecker/]: [darkutils] Starting version check at https://updates.blamejared.com/get?n=darkutils&gv=1.19.2
[11Mar2024 00:01:31.368] [Forge Version Check/INFO] [net.minecraftforge.fml.VersionChecker/]: [darkutils] Found status: BETA Current: 13.1.9 Target: 13.1.9
[11Mar2024 00:01:31.368] [Forge Version Check/INFO] [net.minecraftforge.fml.VersionChecker/]: [twilightforest] Starting version check at https://gh.tamaized.com/TeamTwilight/twilightforest/update.json
[11Mar2024 00:01:31.400] [modloading-worker-0/INFO] [AttributeFix/]: Loaded values for 32 compatible attributes.
[11Mar2024 00:01:31.404] [modloading-worker-0/INFO] [quark/]: Dispatching Module Step LOAD_COMPLETE
[11Mar2024 00:01:31.411] [modloading-worker-0/WARN] [mcp.mobius.waila.plugin.PluginInfo/]: [WTHIT] Plugin net.blay09.mods.waystones.compat.ForgeWTHITWaystonesPlugin is using the default namespace minecraft:waystones
[11Mar2024 00:01:31.413] [modloading-worker-0/INFO] [AttributeFix/]: Loaded 32 values from config.
[11Mar2024 00:01:31.418] [modloading-worker-0/INFO] [Jade/]: Start loading plugin at ht.treechop.compat.Jade
[11Mar2024 00:01:31.422] [modloading-worker-0/WARN] [mcp.mobius.waila.plugin.PluginInfo/]: [WTHIT] Plugin mekanism.common.integration.lookingat.wthit.MekanismWTHITPlugin is using the default namespace minecraft:mekanism
[11Mar2024 00:01:31.437] [modloading-worker-0/INFO] [mcp.mobius.waila.plugin.PluginLoader/]: [WTHIT] Registering plugin waila:core at mcp.mobius.waila.plugin.core.WailaPluginCore
[11Mar2024 00:01:31.441] [modloading-worker-0/INFO] [Jade/]: Start loading plugin at twilightforest.compat.jade.JadeCompat
[11Mar2024 00:01:31.442] [modloading-worker-0/INFO] [Jade/]: Start loading plugin at de.maxhenkel.corpse.integration.waila.PluginCorpse
[11Mar2024 00:01:31.445] [modloading-worker-0/INFO] [Jade/]: Start loading plugin at net.blay09.mods.waystones.compat.ForgeJadeWaystonesPlugin
[11Mar2024 00:01:31.448] [modloading-worker-0/INFO] [AttributeFix/]: Saving config file. 32 entries.
[11Mar2024 00:01:31.454] [modloading-worker-0/INFO] [AttributeFix/]: Applying changes for 32 attributes.
[11Mar2024 00:01:31.460] [modloading-worker-0/INFO] [Jade/]: Start loading plugin at mekanism.common.integration.lookingat.jade.MekanismJadePlugin
[11Mar2024 00:01:31.462] [modloading-worker-0/INFO] [Jade/]: Start loading plugin at snownee.jade.addon.vanilla.VanillaPlugin
[11Mar2024 00:01:31.471] [modloading-worker-0/INFO] [Jade/]: Start loading plugin at snownee.jade.addon.universal.UniversalPlugin
[11Mar2024 00:01:31.533] [modloading-worker-0/INFO] [Jade/]: Start loading plugin at snownee.jade.addon.core.CorePlugin
[11Mar2024 00:01:31.539] [modloading-worker-0/INFO] [mcp.mobius.waila.plugin.PluginLoader/]: [WTHIT] Registering plugin waila:vanilla at mcp.mobius.waila.plugin.vanilla.WailaPluginVanilla
[11Mar2024 00:01:31.558] [Forge Version Check/WARN] [net.minecraftforge.fml.VersionChecker/]: Failed to process update information
com.google.gson.JsonSyntaxException: java.lang.IllegalStateException: Expected BEGIN_OBJECT but was STRING at line 1 column 1 path $
	at com.google.gson.Gson.fromJson(Gson.java:975) ~[gson-2.8.9.jar%2370!/:?]
	at com.google.gson.Gson.fromJson(Gson.java:928) ~[gson-2.8.9.jar%2370!/:?]
	at com.google.gson.Gson.fromJson(Gson.java:877) ~[gson-2.8.9.jar%2370!/:?]
	at com.google.gson.Gson.fromJson(Gson.java:848) ~[gson-2.8.9.jar%2370!/:?]
	at net.minecraftforge.fml.VersionChecker$1.process(VersionChecker.java:183) ~[fmlcore-1.19.2-43.3.8.jar%23332!/:?]
	at java.lang.Iterable.forEach(Iterable.java:75) [?:?]
	at net.minecraftforge.fml.VersionChecker$1.run(VersionChecker.java:114) [fmlcore-1.19.2-43.3.8.jar%23332!/:?]
Caused by: java.lang.IllegalStateException: Expected BEGIN_OBJECT but was STRING at line 1 column 1 path $
	at com.google.gson.stream.JsonReader.beginObject(JsonReader.java:384) ~[gson-2.8.9.jar%2370!/:?]
	at com.google.gson.internal.bind.MapTypeAdapterFactory$Adapter.read(MapTypeAdapterFactory.java:183) ~[gson-2.8.9.jar%2370!/:?]
	at com.google.gson.internal.bind.MapTypeAdapterFactory$Adapter.read(MapTypeAdapterFactory.java:145) ~[gson-2.8.9.jar%2370!/:?]
	at com.google.gson.Gson.fromJson(Gson.java:963) ~[gson-2.8.9.jar%2370!/:?]
	... 6 more
[11Mar2024 00:01:31.560] [Forge Version Check/INFO] [net.minecraftforge.fml.VersionChecker/]: [corpse] Starting version check at https://maxhenkel.de/update/corpse.json
[11Mar2024 00:01:31.571] [modloading-worker-0/INFO] [mcp.mobius.waila.plugin.PluginLoader/]: [WTHIT] Registering plugin waila:forge at mcp.mobius.waila.plugin.forge.WailaPluginForge
[11Mar2024 00:01:31.573] [modloading-worker-0/INFO] [mcp.mobius.waila.plugin.PluginLoader/]: [WTHIT] Registering plugin minecraft:waystones at net.blay09.mods.waystones.compat.ForgeWTHITWaystonesPlugin
[11Mar2024 00:01:31.574] [modloading-worker-0/INFO] [mcp.mobius.waila.plugin.PluginLoader/]: [WTHIT] Registering plugin minecraft:mekanism at mekanism.common.integration.lookingat.wthit.MekanismWTHITPlugin
[11Mar2024 00:01:31.578] [modloading-worker-0/INFO] [mcp.mobius.waila.plugin.PluginLoader/]: [WTHIT] Registering plugin waila:extra at mcp.mobius.waila.plugin.extra.WailaPluginExtra
[11Mar2024 00:01:31.598] [modloading-worker-0/INFO] [mcp.mobius.waila.config.PluginConfig/]: [WTHIT] Plugin config reloaded
[11Mar2024 00:01:31.608] [main/INFO] [terrablender/]: Registered region quark:biome_provider to index 5 for type OVERWORLD
[11Mar2024 00:01:32.008] [main/INFO] [com.mojang.authlib.yggdrasil.YggdrasilAuthenticationService/]: Environment: authHost='https://authserver.mojang.com', accountsHost='https://api.mojang.com', sessionHost='https://sessionserver.mojang.com', servicesHost='https://api.minecraftservices.com', name='PROD'
[11Mar2024 00:01:32.134] [main/INFO] [ModernFix/]: Bypassed Mojang DFU
[11Mar2024 00:01:32.613] [main/WARN] [net.minecraft.server.packs.VanillaPackResources/]: Assets URL 'union:/workspaces/minecraft-server/Minecraft-server/libraries/net/minecraft/server/1.19.2-20220805.130853/server-1.19.2-20220805.130853-srg.jar%23331!/assets/.mcassetsroot' uses unexpected schema
[11Mar2024 00:01:32.614] [main/WARN] [net.minecraft.server.packs.VanillaPackResources/]: Assets URL 'union:/workspaces/minecraft-server/Minecraft-server/libraries/net/minecraft/server/1.19.2-20220805.130853/server-1.19.2-20220805.130853-srg.jar%23331!/data/.mcassetsroot' uses unexpected schema
[11Mar2024 00:01:32.640] [Forge Version Check/INFO] [net.minecraftforge.fml.VersionChecker/]: [corpse] Found status: UP_TO_DATE Current: 1.19.2-1.0.9 Target: null
[11Mar2024 00:01:32.640] [Forge Version Check/INFO] [net.minecraftforge.fml.VersionChecker/]: [toolstats] Starting version check at https://updates.blamejared.com/get?n=toolstats&gv=1.19.2
[11Mar2024 00:01:32.745] [Forge Version Check/INFO] [net.minecraftforge.fml.VersionChecker/]: [toolstats] Found status: BETA_OUTDATED Current: 12.1.5 Target: 12.1.6
[11Mar2024 00:01:32.745] [Forge Version Check/INFO] [net.minecraftforge.fml.VersionChecker/]: [simplecorelib] Starting version check at https://raw.githubusercontent.com/Sinhika/SimpleCoreLib/1.19/update.json
[11Mar2024 00:01:32.776] [Forge Version Check/INFO] [net.minecraftforge.fml.VersionChecker/]: [simplecorelib] Found status: UP_TO_DATE Current: 1.19.2-5.1.0.2 Target: null
[11Mar2024 00:01:32.776] [Forge Version Check/INFO] [net.minecraftforge.fml.VersionChecker/]: [runelic] Starting version check at https://updates.blamejared.com/get?n=runelic&gv=1.19.2
[11Mar2024 00:01:32.872] [Forge Version Check/INFO] [net.minecraftforge.fml.VersionChecker/]: [runelic] Found status: BETA Current: 14.1.4 Target: 14.1.4
[11Mar2024 00:01:32.873] [Forge Version Check/INFO] [net.minecraftforge.fml.VersionChecker/]: [fastleafdecay] Starting version check at https://www.olafkeijsers.net/fastleafdecay-update.json
[11Mar2024 00:01:32.996] [main/INFO] [supplementaries/]: Generated runtime SERVER_DATA for pack Supplementaries Generated Pack in: 133 ms
[11Mar2024 00:01:33.442] [Forge Version Check/INFO] [net.minecraftforge.fml.VersionChecker/]: [fastleafdecay] Found status: BETA Current: 30 Target: null
[11Mar2024 00:01:33.442] [Forge Version Check/INFO] [net.minecraftforge.fml.VersionChecker/]: [mutantmonsters] Starting version check at https://raw.githubusercontent.com/Fuzss/modresources/main/update/mutantmonsters.json
[11Mar2024 00:01:33.453] [Forge Version Check/INFO] [net.minecraftforge.fml.VersionChecker/]: [mutantmonsters] Found status: UP_TO_DATE Current: 4.0.6 Target: null
[11Mar2024 00:01:33.453] [Forge Version Check/INFO] [net.minecraftforge.fml.VersionChecker/]: [attributefix] Starting version check at https://updates.blamejared.com/get?n=attributefix&gv=1.19.2
[11Mar2024 00:01:33.550] [Forge Version Check/INFO] [net.minecraftforge.fml.VersionChecker/]: [attributefix] Found status: BETA_OUTDATED Current: 17.2.7 Target: 17.2.8
[11Mar2024 00:01:33.551] [Forge Version Check/INFO] [net.minecraftforge.fml.VersionChecker/]: [conjurer_illager] Starting version check at http://changelogs.moddinglegacy.com/conjurer-illager.json
[11Mar2024 00:01:33.654] [Forge Version Check/INFO] [net.minecraftforge.fml.VersionChecker/]: [conjurer_illager] Found status: UP_TO_DATE Current: 1.1.5 Target: null
[11Mar2024 00:01:33.655] [Forge Version Check/INFO] [net.minecraftforge.fml.VersionChecker/]: [obscure_api] Starting version check at https://raw.githubusercontent.com/ObscuriaLithium/Home/main/obscure_api/versions.json
[11Mar2024 00:01:33.705] [Forge Version Check/INFO] [net.minecraftforge.fml.VersionChecker/]: [obscure_api] Found status: AHEAD Current: 15 Target: null
[11Mar2024 00:01:33.705] [Forge Version Check/INFO] [net.minecraftforge.fml.VersionChecker/]: [clumps] Starting version check at https://updates.blamejared.com/get?n=clumps&gv=1.19.2
[11Mar2024 00:01:33.804] [Forge Version Check/INFO] [net.minecraftforge.fml.VersionChecker/]: [clumps] Found status: BETA Current: 9.0.0+14 Target: 9.0.0+14
[11Mar2024 00:01:33.805] [Forge Version Check/INFO] [net.minecraftforge.fml.VersionChecker/]: [journeymap] Starting version check at https://forge.curseupdate.com/32274/journeymap
[11Mar2024 00:01:33.904] [Forge Version Check/INFO] [net.minecraftforge.fml.VersionChecker/]: [journeymap] Found status: UP_TO_DATE Current: 5.9.7 Target: null
[11Mar2024 00:01:33.905] [Forge Version Check/INFO] [net.minecraftforge.fml.VersionChecker/]: [configured] Starting version check at https://mrcrayfish.com/modupdatejson?id=configured
[11Mar2024 00:01:34.223] [Forge Version Check/WARN] [net.minecraftforge.fml.VersionChecker/]: Failed to process update information
com.google.gson.JsonSyntaxException: java.lang.IllegalStateException: Expected BEGIN_OBJECT but was STRING at line 1 column 1 path $
	at com.google.gson.Gson.fromJson(Gson.java:975) ~[gson-2.8.9.jar%2370!/:?]
	at com.google.gson.Gson.fromJson(Gson.java:928) ~[gson-2.8.9.jar%2370!/:?]
	at com.google.gson.Gson.fromJson(Gson.java:877) ~[gson-2.8.9.jar%2370!/:?]
	at com.google.gson.Gson.fromJson(Gson.java:848) ~[gson-2.8.9.jar%2370!/:?]
	at net.minecraftforge.fml.VersionChecker$1.process(VersionChecker.java:183) ~[fmlcore-1.19.2-43.3.8.jar%23332!/:?]
	at java.lang.Iterable.forEach(Iterable.java:75) [?:?]
	at net.minecraftforge.fml.VersionChecker$1.run(VersionChecker.java:114) [fmlcore-1.19.2-43.3.8.jar%23332!/:?]
Caused by: java.lang.IllegalStateException: Expected BEGIN_OBJECT but was STRING at line 1 column 1 path $
	at com.google.gson.stream.JsonReader.beginObject(JsonReader.java:384) ~[gson-2.8.9.jar%2370!/:?]
	at com.google.gson.internal.bind.MapTypeAdapterFactory$Adapter.read(MapTypeAdapterFactory.java:183) ~[gson-2.8.9.jar%2370!/:?]
	at com.google.gson.internal.bind.MapTypeAdapterFactory$Adapter.read(MapTypeAdapterFactory.java:145) ~[gson-2.8.9.jar%2370!/:?]
	at com.google.gson.Gson.fromJson(Gson.java:963) ~[gson-2.8.9.jar%2370!/:?]
	... 6 more
[11Mar2024 00:01:34.225] [Forge Version Check/INFO] [net.minecraftforge.fml.VersionChecker/]: [fusion] Starting version check at https://raw.githubusercontent.com/Sinhika/Fusion/1.18/update.json
[11Mar2024 00:01:34.292] [Forge Version Check/INFO] [net.minecraftforge.fml.VersionChecker/]: [fusion] Found status: BETA Current: 1.19.2-5.1.2.2 Target: null
[11Mar2024 00:01:34.292] [Forge Version Check/INFO] [net.minecraftforge.fml.VersionChecker/]: [forge] Starting version check at https://files.minecraftforge.net/net/minecraftforge/forge/promotions_slim.json
[11Mar2024 00:01:34.422] [Forge Version Check/INFO] [net.minecraftforge.fml.VersionChecker/]: [forge] Found status: AHEAD Current: 43.3.8 Target: null
[11Mar2024 00:01:34.422] [Forge Version Check/INFO] [net.minecraftforge.fml.VersionChecker/]: [ultris_mr] Starting version check at https://api.modrinth.com/updates/tA7mQv7R/forge_updates.json
[11Mar2024 00:01:34.532] [Forge Version Check/INFO] [net.minecraftforge.fml.VersionChecker/]: [ultris_mr] Found status: OUTDATED Current: 5.6.7f Target: 5.6.7g+mod
[11Mar2024 00:01:34.532] [Forge Version Check/INFO] [net.minecraftforge.fml.VersionChecker/]: [enchdesc] Starting version check at https://updates.blamejared.com/get?n=enchdesc&gv=1.19.2
[11Mar2024 00:01:34.629] [Forge Version Check/INFO] [net.minecraftforge.fml.VersionChecker/]: [enchdesc] Found status: BETA_OUTDATED Current: 13.0.14 Target: 13.0.20
[11Mar2024 00:01:34.629] [Forge Version Check/INFO] [net.minecraftforge.fml.VersionChecker/]: [moonlight] Starting version check at https://raw.githubusercontent.com/MehVahdJukaar/Moonlight/multi-loader/forge/update.json
[11Mar2024 00:01:34.637] [Forge Version Check/INFO] [net.minecraftforge.fml.VersionChecker/]: [moonlight] Found status: UP_TO_DATE Current: 1.19.2-2.3.6 Target: null
[11Mar2024 00:01:34.637] [Forge Version Check/INFO] [net.minecraftforge.fml.VersionChecker/]: [flywheel] Starting version check at https://api.modrinth.com/updates/flywheel/forge_updates.json
[11Mar2024 00:01:34.703] [Forge Version Check/INFO] [net.minecraftforge.fml.VersionChecker/]: [flywheel] Found status: AHEAD Current: 0.6.10-20 Target: null
[11Mar2024 00:01:34.704] [Forge Version Check/INFO] [net.minecraftforge.fml.VersionChecker/]: [pigpen] Starting version check at https://updates.blamejared.com/get?n=pigpen&gv=1.19.2
[11Mar2024 00:01:34.800] [Forge Version Check/INFO] [net.minecraftforge.fml.VersionChecker/]: [pigpen] Found status: BETA Current: 11.1.2 Target: 11.1.2
[11Mar2024 00:01:34.800] [Forge Version Check/INFO] [net.minecraftforge.fml.VersionChecker/]: [supplementaries] Starting version check at https://raw.githubusercontent.com/MehVahdJukaar/Supplementaries/master/forge/update.json
[11Mar2024 00:01:34.811] [Forge Version Check/INFO] [net.minecraftforge.fml.VersionChecker/]: [supplementaries] Found status: OUTDATED Current: 1.19.2-2.4.19 Target: 1.19.2-2.4.20
[11Mar2024 00:01:34.811] [Forge Version Check/INFO] [net.minecraftforge.fml.VersionChecker/]: [inventoryhud] Starting version check at https://raw.githubusercontent.com/DmitryLovin/pluginUpdate/master/invupdate.json
[11Mar2024 00:01:34.821] [Forge Version Check/INFO] [net.minecraftforge.fml.VersionChecker/]: [inventoryhud] Found status: UP_TO_DATE Current: 3.4.7 Target: null
[11Mar2024 00:01:34.822] [Forge Version Check/INFO] [net.minecraftforge.fml.VersionChecker/]: [puzzleslib] Starting version check at https://raw.githubusercontent.com/Fuzss/modresources/main/update/puzzleslib.json
[11Mar2024 00:01:34.831] [Forge Version Check/INFO] [net.minecraftforge.fml.VersionChecker/]: [puzzleslib] Found status: UP_TO_DATE Current: 4.4.3 Target: null
[11Mar2024 00:01:34.831] [Forge Version Check/INFO] [net.minecraftforge.fml.VersionChecker/]: [aquamirae] Starting version check at https://raw.githubusercontent.com/ObscuriaLithium/Home/main/aquamirae/versions.json
[11Mar2024 00:01:34.841] [Forge Version Check/INFO] [net.minecraftforge.fml.VersionChecker/]: [aquamirae] Found status: AHEAD Current: 6.API15 Target: null
[11Mar2024 00:01:36.402] [main/INFO] [com.github.alexthe666.alexsmobs.AlexsMobs/]: Adding datapack listener capsid_recipes
[11Mar2024 00:01:36.405] [main/INFO] [com.github.L_Ender.cataclysm.Cataclysm/]: Adding datapack listener altar_of_amethyst_recipes
[11Mar2024 00:01:36.632] [Worker-Main-1/ERROR] [net.minecraft.tags.TagLoader/]: Couldn't load tag [minecraft:sniffer (from L_Enders_Cataclysm-1.90 tongue fixed-1.19.2.jar)] as it is missing following references: minecraft:sniffer (from L_Enders_Cataclysm-1.90 tongue fixed-1.19.2.jar)
[11Mar2024 00:01:36.634] [Worker-Main-1/ERROR] [net.minecraft.tags.TagLoader/]: Couldn't load tag [minecraft:sniffer (from L_Enders_Cataclysm-1.90 tongue fixed-1.19.2.jar)] as it is missing following references: minecraft:sniffer (from L_Enders_Cataclysm-1.90 tongue fixed-1.19.2.jar)
[11Mar2024 00:01:36.768] [Worker-Main-3/ERROR] [net.minecraft.tags.TagLoader/]: Couldn't load tag [#minecraft:tools (from archaeology-api-1.19.2-1.0.0.jar)] as it is missing following references: #minecraft:tools (from archaeology-api-1.19.2-1.0.0.jar)
[11Mar2024 00:01:38.661] [main/INFO] [net.minecraft.world.item.crafting.RecipeManager/]: Skipping loading recipe fusion:fusion_furnace/recycle_mythril_items1 as it's serializer returned null
[11Mar2024 00:01:38.672] [main/INFO] [net.minecraft.world.item.crafting.RecipeManager/]: Skipping loading recipe fusion:fusion_furnace/recycle_mythril_items2 as it's serializer returned null
[11Mar2024 00:01:38.673] [main/INFO] [net.minecraft.world.item.crafting.RecipeManager/]: Skipping loading recipe atmospheric:rosewood_leaf_pile as it's serializer returned null
[11Mar2024 00:01:38.704] [main/INFO] [net.minecraft.world.item.crafting.RecipeManager/]: Skipping loading recipe atmospheric:kousa_leaf_pile as it's serializer returned null
[11Mar2024 00:01:38.713] [main/INFO] [net.minecraft.world.item.crafting.RecipeManager/]: Skipping loading recipe atmospheric:grimwood_leaf_pile as it's serializer returned null
[11Mar2024 00:01:38.717] [main/INFO] [net.minecraft.world.item.crafting.RecipeManager/]: Skipping loading recipe twilightforest:jeed/hunger as it's serializer returned null
[11Mar2024 00:01:38.720] [main/INFO] [net.minecraft.world.item.crafting.RecipeManager/]: Skipping loading recipe fusion:fusion_furnace/recycle_tin_items1 as it's serializer returned null
[11Mar2024 00:01:38.721] [main/INFO] [net.minecraft.world.item.crafting.RecipeManager/]: Skipping loading recipe fusion:fusion_furnace/recycle_tin_items2 as it's serializer returned null
[11Mar2024 00:01:38.722] [main/INFO] [net.minecraft.world.item.crafting.RecipeManager/]: Skipping loading recipe fusion:fusion_furnace/recycle_fyrite_items1 as it's serializer returned null
[11Mar2024 00:01:38.722] [main/INFO] [net.minecraft.world.item.crafting.RecipeManager/]: Skipping loading recipe fusion:fusion_furnace/recycle_fyrite_items2 as it's serializer returned null
[11Mar2024 00:01:38.735] [main/INFO] [net.minecraft.world.item.crafting.RecipeManager/]: Skipping loading recipe atmospheric:yucca_beehive as it's serializer returned null
[11Mar2024 00:01:38.741] [main/ERROR] [net.minecraft.world.item.crafting.RecipeManager/]: Parsing error loading recipe theabyss:jungle_planks_rcp_2: com.google.gson.JsonSyntaxException: Unknown item 'theabyss:deleted_mod_element'
[11Mar2024 00:01:38.743] [main/INFO] [net.minecraft.world.item.crafting.RecipeManager/]: Skipping loading recipe atmospheric:yucca_furnace_boat as it's serializer returned null
[11Mar2024 00:01:38.743] [main/INFO] [net.minecraft.world.item.crafting.RecipeManager/]: Skipping loading recipe fusion:fusion_furnace/recycle_malachite_items2 as it's serializer returned null
[11Mar2024 00:01:38.744] [main/INFO] [net.minecraft.world.item.crafting.RecipeManager/]: Skipping loading recipe fusion:fusion_furnace/recycle_malachite_items1 as it's serializer returned null
[11Mar2024 00:01:38.745] [main/INFO] [net.minecraft.world.item.crafting.RecipeManager/]: Skipping loading recipe atmospheric:large_kousa_boat as it's serializer returned null
[11Mar2024 00:01:38.745] [main/INFO] [net.minecraft.world.item.crafting.RecipeManager/]: Skipping loading recipe atmospheric:large_rosewood_boat as it's serializer returned null
[11Mar2024 00:01:38.752] [main/INFO] [net.minecraft.world.item.crafting.RecipeManager/]: Skipping loading recipe atmospheric:kousa_beehive as it's serializer returned null
[11Mar2024 00:01:38.773] [main/INFO] [net.minecraft.world.item.crafting.RecipeManager/]: Skipping loading recipe atmospheric:aspen_furnace_boat as it's serializer returned null
[11Mar2024 00:01:38.789] [main/INFO] [net.minecraft.world.item.crafting.RecipeManager/]: Skipping loading recipe fusion:fusion_furnace/recycle_ashstone_items1 as it's serializer returned null
[11Mar2024 00:01:38.791] [main/INFO] [net.minecraft.world.item.crafting.RecipeManager/]: Skipping loading recipe twilightforest:jeed/poison as it's serializer returned null
[11Mar2024 00:01:38.799] [main/INFO] [net.minecraft.world.item.crafting.RecipeManager/]: Skipping loading recipe atmospheric:yucca_leaves_from_yucca_leaf_pile as it's serializer returned null
[11Mar2024 00:01:38.800] [main/INFO] [net.minecraft.world.item.crafting.RecipeManager/]: Skipping loading recipe atmospheric:flowering_morado_leaf_pile as it's serializer returned null
[11Mar2024 00:01:38.822] [main/INFO] [net.minecraft.world.item.crafting.RecipeManager/]: Skipping loading recipe fusion:fusion_furnace/recycle_onyx_items2 as it's serializer returned null
[11Mar2024 00:01:38.822] [main/INFO] [net.minecraft.world.item.crafting.RecipeManager/]: Skipping loading recipe fusion:fusion_furnace/recycle_onyx_items1 as it's serializer returned null
[11Mar2024 00:01:38.827] [main/INFO] [net.minecraft.world.item.crafting.RecipeManager/]: Skipping loading recipe atmospheric:morado_furnace_boat as it's serializer returned null
[11Mar2024 00:01:38.828] [main/INFO] [net.minecraft.world.item.crafting.RecipeManager/]: Skipping loading recipe atmospheric:large_aspen_boat as it's serializer returned null
[11Mar2024 00:01:38.845] [main/INFO] [net.minecraft.world.item.crafting.RecipeManager/]: Skipping loading recipe atmospheric:kousa_boards as it's serializer returned null
[11Mar2024 00:01:38.848] [main/INFO] [net.minecraft.world.item.crafting.RecipeManager/]: Skipping loading recipe atmospheric:aspen_beehive as it's serializer returned null
[11Mar2024 00:01:38.851] [main/INFO] [net.minecraft.world.item.crafting.RecipeManager/]: Skipping loading recipe supplementaries:inspirations/flag_clear as it's serializer returned null
[11Mar2024 00:01:38.857] [main/INFO] [net.minecraft.world.item.crafting.RecipeManager/]: Skipping loading recipe atmospheric:morado_leaf_pile as it's serializer returned null
[11Mar2024 00:01:38.870] [main/INFO] [net.minecraft.world.item.crafting.RecipeManager/]: Skipping loading recipe fusion:fusion_furnace/recycle_copper_items1 as it's serializer returned null
[11Mar2024 00:01:38.871] [main/INFO] [net.minecraft.world.item.crafting.RecipeManager/]: Skipping loading recipe fusion:fusion_furnace/recycle_copper_items2 as it's serializer returned null
[11Mar2024 00:01:38.874] [main/INFO] [net.minecraft.world.item.crafting.RecipeManager/]: Skipping loading recipe twilightforest:jeed/regeneration as it's serializer returned null
[11Mar2024 00:01:38.881] [main/INFO] [net.minecraft.world.item.crafting.RecipeManager/]: Skipping loading recipe twilightforest:jeed/fire_resistance as it's serializer returned null
[11Mar2024 00:01:38.882] [main/INFO] [net.minecraft.world.item.crafting.RecipeManager/]: Skipping loading recipe atmospheric:yucca_leaf_pile as it's serializer returned null
[11Mar2024 00:01:38.887] [main/INFO] [net.minecraft.world.item.crafting.RecipeManager/]: Skipping loading recipe atmospheric:grimwood_leaves_from_grimwood_leaf_pile as it's serializer returned null
[11Mar2024 00:01:38.890] [main/INFO] [net.minecraft.world.item.crafting.RecipeManager/]: Skipping loading recipe atmospheric:large_morado_boat as it's serializer returned null
[11Mar2024 00:01:38.892] [main/INFO] [net.minecraft.world.item.crafting.RecipeManager/]: Skipping loading recipe supplementaries:inspirations/blackboard_clear as it's serializer returned null
[11Mar2024 00:01:38.900] [main/INFO] [net.minecraft.world.item.crafting.RecipeManager/]: Skipping loading recipe atmospheric:morado_leaves_from_morado_leaf_pile as it's serializer returned null
[11Mar2024 00:01:38.911] [main/INFO] [net.minecraft.world.item.crafting.RecipeManager/]: Skipping loading recipe twilightforest:jeed/frosted as it's serializer returned null
[11Mar2024 00:01:38.912] [main/INFO] [net.minecraft.world.item.crafting.RecipeManager/]: Skipping loading recipe supplementaries:inspirations/flag_dye as it's serializer returned null
[11Mar2024 00:01:38.914] [main/INFO] [net.minecraft.world.item.crafting.RecipeManager/]: Skipping loading recipe atmospheric:large_yucca_boat as it's serializer returned null
[11Mar2024 00:01:38.929] [main/INFO] [net.minecraft.world.item.crafting.RecipeManager/]: Skipping loading recipe atmospheric:rosewood_beehive as it's serializer returned null
[11Mar2024 00:01:38.935] [main/INFO] [net.minecraft.world.item.crafting.RecipeManager/]: Skipping loading recipe fusion:fusion_furnace/recycle_dragonstone_items1 as it's serializer returned null
[11Mar2024 00:01:38.935] [main/INFO] [net.minecraft.world.item.crafting.RecipeManager/]: Skipping loading recipe fusion:fusion_furnace/recycle_dragonstone_items2 as it's serializer returned null
[11Mar2024 00:01:38.938] [main/INFO] [net.minecraft.world.item.crafting.RecipeManager/]: Skipping loading recipe atmospheric:grimwood_boards as it's serializer returned null
[11Mar2024 00:01:38.945] [main/INFO] [net.minecraft.world.item.crafting.RecipeManager/]: Skipping loading recipe atmospheric:morado_boards as it's serializer returned null
[11Mar2024 00:01:38.949] [main/INFO] [net.minecraft.world.item.crafting.RecipeManager/]: Skipping loading recipe fusion:fusion_furnace/recycle_adamantium_items1 as it's serializer returned null
[11Mar2024 00:01:38.949] [main/INFO] [net.minecraft.world.item.crafting.RecipeManager/]: Skipping loading recipe fusion:fusion_furnace/recycle_adamantium_items2 as it's serializer returned null
[11Mar2024 00:01:38.951] [main/INFO] [net.minecraft.world.item.crafting.RecipeManager/]: Skipping loading recipe fusion:fusion_furnace/recycle_argonite_items1 as it's serializer returned null
[11Mar2024 00:01:38.952] [main/INFO] [net.minecraft.world.item.crafting.RecipeManager/]: Skipping loading recipe atmospheric:grimwood_beehive as it's serializer returned null
[11Mar2024 00:01:38.953] [main/INFO] [net.minecraft.world.item.crafting.RecipeManager/]: Skipping loading recipe atmospheric:aspen_leaves_from_aspen_leaf_pile as it's serializer returned null
[11Mar2024 00:01:38.953] [main/INFO] [net.minecraft.world.item.crafting.RecipeManager/]: Skipping loading recipe fusion:fusion_furnace/recycle_illumenite_items2 as it's serializer returned null
[11Mar2024 00:01:38.954] [main/INFO] [net.minecraft.world.item.crafting.RecipeManager/]: Skipping loading recipe fusion:fusion_furnace/recycle_illumenite_items1 as it's serializer returned null
[11Mar2024 00:01:38.955] [main/INFO] [net.minecraft.world.item.crafting.RecipeManager/]: Skipping loading recipe twilightforest:jeed/blindness as it's serializer returned null
[11Mar2024 00:01:38.958] [main/INFO] [net.minecraft.world.item.crafting.RecipeManager/]: Skipping loading recipe atmospheric:morado_beehive as it's serializer returned null
[11Mar2024 00:01:38.962] [main/INFO] [net.minecraft.world.item.crafting.RecipeManager/]: Skipping loading recipe atmospheric:kousa_leaves_from_kousa_leaf_pile as it's serializer returned null
[11Mar2024 00:01:38.977] [main/INFO] [net.minecraft.world.item.crafting.RecipeManager/]: Skipping loading recipe atmospheric:rosewood_leaves_from_rosewood_leaf_pile as it's serializer returned null
[11Mar2024 00:01:38.992] [main/INFO] [net.minecraft.world.item.crafting.RecipeManager/]: Skipping loading recipe atmospheric:flowering_morado_leaves_from_flowering_morado_leaf_pile as it's serializer returned null
[11Mar2024 00:01:38.994] [main/INFO] [net.minecraft.world.item.crafting.RecipeManager/]: Skipping loading recipe atmospheric:kousa_furnace_boat as it's serializer returned null
[11Mar2024 00:01:38.999] [main/INFO] [net.minecraft.world.item.crafting.RecipeManager/]: Skipping loading recipe atmospheric:grimwood_furnace_boat as it's serializer returned null
[11Mar2024 00:01:39.002] [main/INFO] [net.minecraft.world.item.crafting.RecipeManager/]: Skipping loading recipe atmospheric:rosewood_furnace_boat as it's serializer returned null
[11Mar2024 00:01:39.003] [main/INFO] [net.minecraft.world.item.crafting.RecipeManager/]: Skipping loading recipe twilightforest:jeed/resistance as it's serializer returned null
[11Mar2024 00:01:39.005] [main/INFO] [net.minecraft.world.item.crafting.RecipeManager/]: Skipping loading recipe atmospheric:aspen_leaf_pile as it's serializer returned null
[11Mar2024 00:01:39.007] [main/INFO] [net.minecraft.world.item.crafting.RecipeManager/]: Skipping loading recipe atmospheric:yucca_boards as it's serializer returned null
[11Mar2024 00:01:39.009] [main/INFO] [net.minecraft.world.item.crafting.RecipeManager/]: Skipping loading recipe atmospheric:rosewood_boards as it's serializer returned null
[11Mar2024 00:01:39.022] [main/INFO] [net.minecraft.world.item.crafting.RecipeManager/]: Skipping loading recipe atmospheric:large_grimwood_boat as it's serializer returned null
[11Mar2024 00:01:39.022] [main/INFO] [net.minecraft.world.item.crafting.RecipeManager/]: Skipping loading recipe atmospheric:aspen_boards as it's serializer returned null
[11Mar2024 00:01:39.025] [main/INFO] [net.minecraft.world.item.crafting.RecipeManager/]: Skipping loading recipe twilightforest:jeed/slowness as it's serializer returned null
[11Mar2024 00:01:39.034] [main/INFO] [net.minecraft.world.item.crafting.RecipeManager/]: Loaded 58 recipes
[11Mar2024 00:01:39.048] [main/INFO] [com.teamabnormals.blueprint.core.Blueprint/]: Loot Modification Manager has loaded 6 modifier groups
[11Mar2024 00:01:39.292] [main/ERROR] [net.minecraft.world.level.storage.loot.LootTables/]: Couldn't parse loot table theabyss:entities/end_spider: com.google.gson.JsonSyntaxException: Expected name to be an item, was unknown string 'theabyss:nether_nugget'
[11Mar2024 00:01:39.439] [main/ERROR] [net.minecraft.world.level.storage.loot.LootTables/]: Couldn't parse loot table theabyss:entities/slime_spider: com.google.gson.JsonSyntaxException: Expected name to be an item, was unknown string 'theabyss:slime_stage_1'
[11Mar2024 00:01:39.651] [main/INFO] [placebo/]: Registered 0 additional loot tables.
[11Mar2024 00:01:39.656] [main/INFO] [com.teamabnormals.blueprint.core.Blueprint/]: Skipped modifier named 'savage_and_ravage:adventure/voluntary_exile' as its conditions were not met
[11Mar2024 00:01:39.656] [main/INFO] [com.teamabnormals.blueprint.core.Blueprint/]: Skipped modifier named 'savage_and_ravage:adventure/voluntary_exile' as its conditions were not met
[11Mar2024 00:01:39.658] [main/INFO] [com.teamabnormals.blueprint.core.Blueprint/]: Advancement Modification Manager has loaded 10 modifier groups
[11Mar2024 00:01:39.763] [main/ERROR] [net.minecraft.server.ServerAdvancementManager/]: Parsing error loading custom advancement mutantmore:nether/upgrade_rodling: Expected requirements[0] to be a JsonArray, was "rod...et"
[11Mar2024 00:01:39.815] [main/INFO] [quark/]: [Automatic Recipe Unlock] Removed 3436 recipe advancements
[11Mar2024 00:01:39.828] [main/ERROR] [net.minecraft.advancements.AdvancementList/]: Couldn't load advancement untamedwilds:zoology/hog_wild: Task Advancement{parentId=untamedwilds:untamedwilds/root, display=net.minecraft.advancements.DisplayInfo@1b8dc45, rewards=AdvancementRewards{experience=0, loot=[], recipes=[], function=net.minecraft.commands.CommandFunction$CacheableFunction@213ec597}, criteria={riding_hog=net.minecraft.advancements.Criterion@4a436ddf}, requirements=[[riding_hog]]}
[11Mar2024 00:01:39.829] [main/ERROR] [net.minecraft.advancements.AdvancementList/]: Couldn't load advancement untamedwilds:zoology/basic_baiter: Task Advancement{parentId=untamedwilds:untamedwilds/root, display=net.minecraft.advancements.DisplayInfo@307409eb, rewards=AdvancementRewards{experience=0, loot=[], recipes=[], function=net.minecraft.commands.CommandFunction$CacheableFunction@213ec597}, criteria={using_chum=net.minecraft.advancements.Criterion@6108b7af}, requirements=[[using_chum]]}
[11Mar2024 00:01:39.829] [main/ERROR] [net.minecraft.advancements.AdvancementList/]: Couldn't load advancement untamedwilds:zoology/lepidopterologist: Task Advancement{parentId=untamedwilds:untamedwilds/activated_feeder, display=net.minecraft.advancements.DisplayInfo@e8a69b5, rewards=AdvancementRewards{experience=0, loot=[], recipes=[], function=net.minecraft.commands.CommandFunction$CacheableFunction@213ec597}, criteria={butterfly_speckled_wood=net.minecraft.advancements.Criterion@6f214f96, butterfly_glasswing=net.minecraft.advancements.Criterion@61f022a0, butterfly_tiger_swallowtail=net.minecraft.advancements.Criterion@68f153c8, butterfly_orange_tip=net.minecraft.advancements.Criterion@35eb58a2, butterfly_kite=net.minecraft.advancements.Criterion@5053ec76, butterfly_comma=net.minecraft.advancements.Criterion@305621fe, butterfly_mourning_cloak=net.minecraft.advancements.Criterion@52db4b2f, butterfly_birdwing=net.minecraft.advancements.Criterion@3d1a279e, butterfly_triangle=net.minecraft.advancements.Criterion@72e55c17, butterfly_malachite=net.minecraft.advancements.Criterion@73bdda64, butterfly_monarch=net.minecraft.advancements.Criterion@7bb7650f, butterfly_morpho=net.minecraft.advancements.Criterion@17fd8b30, butterfly_narcissus=net.minecraft.advancements.Criterion@4fa0783c, butterfly_emperor=net.minecraft.advancements.Criterion@5253f556, butterfly_peacock=net.minecraft.advancements.Criterion@128c7d0e, butterfly_blue_swallowtail=net.minecraft.advancements.Criterion@6953d064, butterfly_leaf=net.minecraft.advancements.Criterion@25fe24ea, butterfly_red_admiral=net.minecraft.advancements.Criterion@68ca8c46, butterfly_brimstone=net.minecraft.advancements.Criterion@19dfe85c, butterfly_cabbage=net.minecraft.advancements.Criterion@6ef8cbf3}, requirements=[[butterfly_birdwing], [butterfly_blue_swallowtail], [butterfly_brimstone], [butterfly_cabbage], [butterfly_comma], [butterfly_emperor], [butterfly_glasswing], [butterfly_kite], [butterfly_leaf], [butterfly_malachite], [butterfly_monarch], [butterfly_morpho], [butterfly_mourning_cloak], [butterfly_narcissus], [butterfly_orange_tip], [butterfly_peacock], [butterfly_red_admiral], [butterfly_speckled_wood], [butterfly_tiger_swallowtail], [butterfly_triangle]]}
[11Mar2024 00:01:39.829] [main/ERROR] [net.minecraft.advancements.AdvancementList/]: Couldn't load advancement untamedwilds:zoology/master_baiter: Task Advancement{parentId=untamedwilds:untamedwilds/basic_baiter, display=net.minecraft.advancements.DisplayInfo@609afd8e, rewards=AdvancementRewards{experience=0, loot=[], recipes=[], function=net.minecraft.commands.CommandFunction$CacheableFunction@213ec597}, criteria={lure_100=net.minecraft.advancements.Criterion@4815053d}, requirements=[[lure_100]]}
[11Mar2024 00:01:39.830] [main/ERROR] [net.minecraft.advancements.AdvancementList/]: Couldn't load advancement untamedwilds:zoology/discovered_spitter: Task Advancement{parentId=untamedwilds:untamedwilds/root, display=net.minecraft.advancements.DisplayInfo@63c1cc9e, rewards=AdvancementRewards{experience=0, loot=[], recipes=[], function=net.minecraft.commands.CommandFunction$CacheableFunction@213ec597}, criteria={discover_spitter=net.minecraft.advancements.Criterion@31d1136}, requirements=[[discover_spitter]]}
[11Mar2024 00:01:39.830] [main/ERROR] [net.minecraft.advancements.AdvancementList/]: Couldn't load advancement untamedwilds:zoology/clam_digger: Task Advancement{parentId=untamedwilds:untamedwilds/root, display=net.minecraft.advancements.DisplayInfo@848781, rewards=AdvancementRewards{experience=0, loot=[], recipes=[], function=net.minecraft.commands.CommandFunction$CacheableFunction@213ec597}, criteria={spawn_giant_clam=net.minecraft.advancements.Criterion@6b7bb206}, requirements=[[spawn_giant_clam]]}
[11Mar2024 00:01:39.830] [main/ERROR] [net.minecraft.advancements.AdvancementList/]: Couldn't load advancement untamedwilds:zoology/taming_bear: Task Advancement{parentId=untamedwilds:untamedwilds/root, display=net.minecraft.advancements.DisplayInfo@77b46890, rewards=AdvancementRewards{experience=0, loot=[], recipes=[], function=net.minecraft.commands.CommandFunction$CacheableFunction@213ec597}, criteria={taming_bear=net.minecraft.advancements.Criterion@41e90fe2}, requirements=[[taming_bear]]}
[11Mar2024 00:01:39.831] [main/ERROR] [net.minecraft.advancements.AdvancementList/]: Couldn't load advancement untamedwilds:zoology/activated_feeder: Task Advancement{parentId=untamedwilds:untamedwilds/root, display=net.minecraft.advancements.DisplayInfo@743130a2, rewards=AdvancementRewards{experience=0, loot=[], recipes=[], function=net.minecraft.commands.CommandFunction$CacheableFunction@213ec597}, criteria={activated_feeder=net.minecraft.advancements.Criterion@7d2ea7d9}, requirements=[[activated_feeder]]}
[11Mar2024 00:01:39.831] [main/ERROR] [net.minecraft.advancements.AdvancementList/]: Couldn't load advancement untamedwilds:zoology/yee_haw: Task Advancement{parentId=untamedwilds:untamedwilds/hog_wild, display=net.minecraft.advancements.DisplayInfo@21b2e5bb, rewards=AdvancementRewards{experience=0, loot=[], recipes=[], function=net.minecraft.commands.CommandFunction$CacheableFunction@213ec597}, criteria={riding_bison=net.minecraft.advancements.Criterion@29aa8e3b}, requirements=[[riding_bison]]}
[11Mar2024 00:01:39.845] [main/INFO] [net.minecraft.advancements.AdvancementList/]: Loaded 1012 advancements
[11Mar2024 00:01:39.860] [main/INFO] [placebo/]: Registered 0 additional recipes.
[11Mar2024 00:01:39.861] [main/INFO] [atomicstryker.dynamiclights.server.ItemLightLevels/]: Clearing item tag to light level mapping cache
[11Mar2024 00:01:39.862] [main/WARN] [com.lootintegrations.LootintegrationsMod/]: Ignoring loot modifiers for:supplementaries:tables/blocks/twilightforest/hanging_sign_dark use this folder name:lootintegrations
[11Mar2024 00:01:39.863] [main/WARN] [com.lootintegrations.LootintegrationsMod/]: Ignoring loot modifiers for:supplementaries:tables/blocks/hanging_sign_dark_oak use this folder name:lootintegrations
[11Mar2024 00:01:39.863] [main/WARN] [com.lootintegrations.LootintegrationsMod/]: Ignoring loot modifiers for:supplementaries:tables/blocks/byg/hanging_sign_baobab use this folder name:lootintegrations
[11Mar2024 00:01:39.864] [main/WARN] [com.lootintegrations.LootintegrationsMod/]: Ignoring loot modifiers for:supplementaries:tables/blocks/hanging_sign_crimson use this folder name:lootintegrations
[11Mar2024 00:01:39.864] [main/WARN] [com.lootintegrations.LootintegrationsMod/]: Ignoring loot modifiers for:supplementaries:tables/blocks/theabyss/hanging_sign_frozen use this folder name:lootintegrations
[11Mar2024 00:01:39.865] [main/WARN] [com.lootintegrations.LootintegrationsMod/]: Ignoring loot modifiers for:supplementaries:tables/blocks/hanging_sign_oak use this folder name:lootintegrations
[11Mar2024 00:01:39.865] [main/WARN] [com.lootintegrations.LootintegrationsMod/]: Ignoring loot modifiers for:supplementaries:tables/blocks/byg/hanging_sign_zelkova use this folder name:lootintegrations
[11Mar2024 00:01:39.866] [main/WARN] [com.lootintegrations.LootintegrationsMod/]: Ignoring loot modifiers for:supplementaries:tables/blocks/hanging_sign_spruce use this folder name:lootintegrations
[11Mar2024 00:01:39.866] [main/WARN] [com.lootintegrations.LootintegrationsMod/]: Ignoring loot modifiers for:supplementaries:tables/blocks/byg/hanging_sign_imparius use this folder name:lootintegrations
[11Mar2024 00:01:39.867] [main/WARN] [com.lootintegrations.LootintegrationsMod/]: Ignoring loot modifiers for:supplementaries:tables/blocks/blue_skies/hanging_sign_crystallized use this folder name:lootintegrations
[11Mar2024 00:01:39.867] [main/WARN] [com.lootintegrations.LootintegrationsMod/]: Ignoring loot modifiers for:supplementaries:tables/blocks/blue_skies/hanging_sign_dusk use this folder name:lootintegrations
[11Mar2024 00:01:39.867] [main/WARN] [com.lootintegrations.LootintegrationsMod/]: Ignoring loot modifiers for:supplementaries:tables/blocks/theabyss/hanging_sign_vigilant use this folder name:lootintegrations
[11Mar2024 00:01:39.867] [main/WARN] [com.lootintegrations.LootintegrationsMod/]: Ignoring loot modifiers for:supplementaries:tables/blocks/byg/hanging_sign_white_mangrove use this folder name:lootintegrations
[11Mar2024 00:01:39.867] [main/WARN] [com.lootintegrations.LootintegrationsMod/]: Ignoring loot modifiers for:supplementaries:tables/blocks/byg/hanging_sign_green_enchanted use this folder name:lootintegrations
[11Mar2024 00:01:39.867] [main/WARN] [com.lootintegrations.LootintegrationsMod/]: Ignoring loot modifiers for:supplementaries:tables/blocks/quark/hanging_sign_azalea use this folder name:lootintegrations
[11Mar2024 00:01:39.867] [main/WARN] [com.lootintegrations.LootintegrationsMod/]: Ignoring loot modifiers for:supplementaries:tables/blocks/byg/hanging_sign_fir use this folder name:lootintegrations
[11Mar2024 00:01:39.867] [main/WARN] [com.lootintegrations.LootintegrationsMod/]: Ignoring loot modifiers for:supplementaries:tables/blocks/cataclysm/hanging_sign_chorus use this folder name:lootintegrations
[11Mar2024 00:01:39.868] [main/WARN] [com.lootintegrations.LootintegrationsMod/]: Ignoring loot modifiers for:supplementaries:tables/blocks/byg/hanging_sign_blue_enchanted use this folder name:lootintegrations
[11Mar2024 00:01:39.868] [main/WARN] [com.lootintegrations.LootintegrationsMod/]: Ignoring loot modifiers for:supplementaries:tables/blocks/byg/hanging_sign_nightshade use this folder name:lootintegrations
[11Mar2024 00:01:39.868] [main/WARN] [com.lootintegrations.LootintegrationsMod/]: Ignoring loot modifiers for:supplementaries:tables/blocks/byg/hanging_sign_maple use this folder name:lootintegrations
[11Mar2024 00:01:39.868] [main/WARN] [com.lootintegrations.LootintegrationsMod/]: Ignoring loot modifiers for:supplementaries:tables/blocks/atmospheric/hanging_sign_rosewood use this folder name:lootintegrations
[11Mar2024 00:01:39.868] [main/WARN] [com.lootintegrations.LootintegrationsMod/]: Ignoring loot modifiers for:supplementaries:tables/blocks/byg/hanging_sign_holly use this folder name:lootintegrations
[11Mar2024 00:01:39.868] [main/WARN] [com.lootintegrations.LootintegrationsMod/]: Ignoring loot modifiers for:supplementaries:tables/blocks/iceandfire/hanging_sign_dreadwood use this folder name:lootintegrations
[11Mar2024 00:01:39.868] [main/WARN] [com.lootintegrations.LootintegrationsMod/]: Ignoring loot modifiers for:supplementaries:tables/blocks/twilightforest/hanging_sign_transformation use this folder name:lootintegrations
[11Mar2024 00:01:39.868] [main/WARN] [com.lootintegrations.LootintegrationsMod/]: Ignoring loot modifiers for:supplementaries:tables/blocks/twilightforest/hanging_sign_twilight_oak use this folder name:lootintegrations
[11Mar2024 00:01:39.868] [main/WARN] [com.lootintegrations.LootintegrationsMod/]: Ignoring loot modifiers for:supplementaries:tables/blocks/byg/hanging_sign_pine use this folder name:lootintegrations
[11Mar2024 00:01:39.870] [main/WARN] [com.lootintegrations.LootintegrationsMod/]: Parsing loot modifiers for:lootintegrations:dungeonloot_medium with loottable: minecraft:chests/stronghold_crossing
[11Mar2024 00:01:39.870] [main/WARN] [com.lootintegrations.LootintegrationsMod/]: Ignoring loot modifiers for:supplementaries:tables/blocks/byg/hanging_sign_bulbis use this folder name:lootintegrations
[11Mar2024 00:01:39.870] [main/WARN] [com.lootintegrations.LootintegrationsMod/]: Ignoring loot modifiers for:supplementaries:tables/blocks/hanging_sign_acacia use this folder name:lootintegrations
[11Mar2024 00:01:39.870] [main/WARN] [com.lootintegrations.LootintegrationsMod/]: Ignoring loot modifiers for:supplementaries:tables/blocks/theabyss/hanging_sign_slimed use this folder name:lootintegrations
[11Mar2024 00:01:39.870] [main/WARN] [com.lootintegrations.LootintegrationsMod/]: Parsing loot modifiers for:lootintegrations:dungeonloot_easy with loottable: minecraft:chests/simple_dungeon
[11Mar2024 00:01:39.871] [main/WARN] [com.lootintegrations.LootintegrationsMod/]: Ignoring loot modifiers for:supplementaries:tables/blocks/byg/hanging_sign_skyris use this folder name:lootintegrations
[11Mar2024 00:01:39.871] [main/WARN] [com.lootintegrations.LootintegrationsMod/]: Ignoring loot modifiers for:supplementaries:tables/blocks/blue_skies/hanging_sign_bluebright use this folder name:lootintegrations
[11Mar2024 00:01:39.871] [main/WARN] [com.lootintegrations.LootintegrationsMod/]: Parsing loot modifiers for:lootintegrations:dungeonloot_nether with loottable: minecraft:chests/nether_bridge
[11Mar2024 00:01:39.871] [main/WARN] [com.lootintegrations.LootintegrationsMod/]: Ignoring loot modifiers for:supplementaries:tables/blocks/theabyss/hanging_sign_blaru use this folder name:lootintegrations
[11Mar2024 00:01:39.871] [main/WARN] [com.lootintegrations.LootintegrationsMod/]: Ignoring loot modifiers for:supplementaries:tables/blocks/blue_skies/hanging_sign_maple use this folder name:lootintegrations
[11Mar2024 00:01:39.871] [main/WARN] [com.lootintegrations.LootintegrationsMod/]: Parsing loot modifiers for:lootintegrations:dungeonloot_hard with loottable: minecraft:chests/end_city_treasure
[11Mar2024 00:01:39.871] [main/WARN] [com.lootintegrations.LootintegrationsMod/]: Parsing loot modifiers for:lootintegrations:dungeonloot_water with loottable: minecraft:chests/underwater_ruin_big
[11Mar2024 00:01:39.872] [main/WARN] [com.lootintegrations.LootintegrationsMod/]: Ignoring loot modifiers for:supplementaries:tables/blocks/blue_skies/hanging_sign_starlit use this folder name:lootintegrations
[11Mar2024 00:01:39.872] [main/WARN] [com.lootintegrations.LootintegrationsMod/]: Ignoring loot modifiers for:supplementaries:tables/blocks/byg/hanging_sign_ebony use this folder name:lootintegrations
[11Mar2024 00:01:39.872] [main/WARN] [com.lootintegrations.LootintegrationsMod/]: Ignoring loot modifiers for:supplementaries:tables/blocks/blue_skies/hanging_sign_cherry use this folder name:lootintegrations
[11Mar2024 00:01:39.872] [main/WARN] [com.lootintegrations.LootintegrationsMod/]: Ignoring loot modifiers for:supplementaries:tables/blocks/byg/hanging_sign_willow use this folder name:lootintegrations
[11Mar2024 00:01:39.872] [main/WARN] [com.lootintegrations.LootintegrationsMod/]: Ignoring loot modifiers for:supplementaries:tables/blocks/byg/hanging_sign_rainbow_eucalyptus use this folder name:lootintegrations
[11Mar2024 00:01:39.872] [main/WARN] [com.lootintegrations.LootintegrationsMod/]: Ignoring loot modifiers for:supplementaries:tables/blocks/byg/hanging_sign_cypress use this folder name:lootintegrations
[11Mar2024 00:01:39.872] [main/WARN] [com.lootintegrations.LootintegrationsMod/]: Ignoring loot modifiers for:supplementaries:tables/blocks/twilightforest/hanging_sign_sorting use this folder name:lootintegrations
[11Mar2024 00:01:39.872] [main/WARN] [com.lootintegrations.LootintegrationsMod/]: Ignoring loot modifiers for:supplementaries:tables/blocks/byg/hanging_sign_ether use this folder name:lootintegrations
[11Mar2024 00:01:39.872] [main/WARN] [com.lootintegrations.LootintegrationsMod/]: Ignoring loot modifiers for:supplementaries:tables/blocks/atmospheric/hanging_sign_grimwood use this folder name:lootintegrations
[11Mar2024 00:01:39.873] [main/WARN] [com.lootintegrations.LootintegrationsMod/]: Parsing loot modifiers for:lootintegrations:dungeonloot_no_overflow with loottable: minecraft:chests/simple_dungeon
[11Mar2024 00:01:39.873] [main/WARN] [com.lootintegrations.LootintegrationsMod/]: Ignoring loot modifiers for:supplementaries:tables/blocks/byg/hanging_sign_cika use this folder name:lootintegrations
[11Mar2024 00:01:39.873] [main/WARN] [com.lootintegrations.LootintegrationsMod/]: Ignoring loot modifiers for:supplementaries:tables/blocks/twilightforest/hanging_sign_mining use this folder name:lootintegrations
[11Mar2024 00:01:39.873] [main/WARN] [com.lootintegrations.LootintegrationsMod/]: Ignoring loot modifiers for:supplementaries:tables/blocks/atmospheric/hanging_sign_morado use this folder name:lootintegrations
[11Mar2024 00:01:39.873] [main/WARN] [com.lootintegrations.LootintegrationsMod/]: Ignoring loot modifiers for:supplementaries:tables/blocks/twilightforest/hanging_sign_time use this folder name:lootintegrations
[11Mar2024 00:01:39.873] [main/WARN] [com.lootintegrations.LootintegrationsMod/]: Ignoring loot modifiers for:supplementaries:tables/blocks/byg/hanging_sign_lament use this folder name:lootintegrations
[11Mar2024 00:01:39.873] [main/WARN] [com.lootintegrations.LootintegrationsMod/]: Ignoring loot modifiers for:supplementaries:tables/blocks/blue_skies/hanging_sign_lunar use this folder name:lootintegrations
[11Mar2024 00:01:39.873] [main/WARN] [com.lootintegrations.LootintegrationsMod/]: Ignoring loot modifiers for:supplementaries:tables/blocks/byg/hanging_sign_witch_hazel use this folder name:lootintegrations
[11Mar2024 00:01:39.873] [main/WARN] [com.lootintegrations.LootintegrationsMod/]: Ignoring loot modifiers for:supplementaries:tables/blocks/hanging_sign_birch use this folder name:lootintegrations
[11Mar2024 00:01:39.874] [main/WARN] [com.lootintegrations.LootintegrationsMod/]: Ignoring loot modifiers for:supplementaries:tables/blocks/blue_skies/hanging_sign_frostbright use this folder name:lootintegrations
[11Mar2024 00:01:39.874] [main/WARN] [com.lootintegrations.LootintegrationsMod/]: Ignoring loot modifiers for:supplementaries:tables/blocks/byg/hanging_sign_mahogany use this folder name:lootintegrations
[11Mar2024 00:01:39.874] [main/WARN] [com.lootintegrations.LootintegrationsMod/]: Ignoring loot modifiers for:supplementaries:tables/blocks/byg/hanging_sign_sythian use this folder name:lootintegrations
[11Mar2024 00:01:39.874] [main/WARN] [com.lootintegrations.LootintegrationsMod/]: Ignoring loot modifiers for:supplementaries:tables/blocks/byg/hanging_sign_jacaranda use this folder name:lootintegrations
[11Mar2024 00:01:39.874] [main/WARN] [com.lootintegrations.LootintegrationsMod/]: Ignoring loot modifiers for:supplementaries:tables/blocks/born_in_chaos_v1/hanging_sign_scorched use this folder name:lootintegrations
[11Mar2024 00:01:39.874] [main/WARN] [com.lootintegrations.LootintegrationsMod/]: Ignoring loot modifiers for:supplementaries:tables/blocks/theabyss/hanging_sign_jungle use this folder name:lootintegrations
[11Mar2024 00:01:39.874] [main/WARN] [com.lootintegrations.LootintegrationsMod/]: Ignoring loot modifiers for:supplementaries:tables/blocks/atmospheric/hanging_sign_kousa use this folder name:lootintegrations
[11Mar2024 00:01:39.874] [main/WARN] [com.lootintegrations.LootintegrationsMod/]: Ignoring loot modifiers for:supplementaries:tables/blocks/quark/hanging_sign_blossom use this folder name:lootintegrations
[11Mar2024 00:01:39.874] [main/WARN] [com.lootintegrations.LootintegrationsMod/]: Ignoring loot modifiers for:supplementaries:tables/blocks/byg/hanging_sign_cherry use this folder name:lootintegrations
[11Mar2024 00:01:39.874] [main/WARN] [com.lootintegrations.LootintegrationsMod/]: Ignoring loot modifiers for:supplementaries:tables/blocks/hanging_sign_jungle use this folder name:lootintegrations
[11Mar2024 00:01:39.875] [main/WARN] [com.lootintegrations.LootintegrationsMod/]: Ignoring loot modifiers for:supplementaries:tables/blocks/atmospheric/hanging_sign_yucca use this folder name:lootintegrations
[11Mar2024 00:01:39.875] [main/WARN] [com.lootintegrations.LootintegrationsMod/]: Ignoring loot modifiers for:supplementaries:tables/blocks/byg/hanging_sign_palm use this folder name:lootintegrations
[11Mar2024 00:01:39.875] [main/WARN] [com.lootintegrations.LootintegrationsMod/]: Ignoring loot modifiers for:supplementaries:tables/blocks/hanging_sign_warped use this folder name:lootintegrations
[11Mar2024 00:01:39.875] [main/WARN] [com.lootintegrations.LootintegrationsMod/]: Ignoring loot modifiers for:supplementaries:tables/blocks/twilightforest/hanging_sign_mangrove use this folder name:lootintegrations
[11Mar2024 00:01:39.875] [main/WARN] [com.lootintegrations.LootintegrationsMod/]: Ignoring loot modifiers for:supplementaries:tables/blocks/twilightforest/hanging_sign_canopy use this folder name:lootintegrations
[11Mar2024 00:01:39.875] [main/WARN] [com.lootintegrations.LootintegrationsMod/]: Ignoring loot modifiers for:supplementaries:tables/blocks/quark/hanging_sign_bamboo use this folder name:lootintegrations
[11Mar2024 00:01:39.875] [main/WARN] [com.lootintegrations.LootintegrationsMod/]: Ignoring loot modifiers for:supplementaries:tables/blocks/atmospheric/hanging_sign_aspen use this folder name:lootintegrations
[11Mar2024 00:01:39.875] [main/WARN] [com.lootintegrations.LootintegrationsMod/]: Ignoring loot modifiers for:supplementaries:tables/blocks/byg/hanging_sign_aspen use this folder name:lootintegrations
[11Mar2024 00:01:39.875] [main/WARN] [com.lootintegrations.LootintegrationsMod/]: Ignoring loot modifiers for:supplementaries:tables/blocks/byg/hanging_sign_redwood use this folder name:lootintegrations
[11Mar2024 00:01:39.875] [main/WARN] [com.lootintegrations.LootintegrationsMod/]: Ignoring loot modifiers for:supplementaries:tables/blocks/quark/hanging_sign_ancient use this folder name:lootintegrations
[11Mar2024 00:01:39.876] [main/WARN] [com.lootintegrations.LootintegrationsMod/]: Parsing loot modifiers for:lootintegrations:villageloot_house with loottable: minecraft:chests/village/village_plains_house
[11Mar2024 00:01:39.876] [main/WARN] [com.lootintegrations.LootintegrationsMod/]: Ignoring loot modifiers for:supplementaries:tables/blocks/hanging_sign_mangrove use this folder name:lootintegrations
[11Mar2024 00:01:39.876] [main/INFO] [ModdingLegacy/blue_skies/SkiesDataManager/]: Loaded 8 tool_handle_types
[11Mar2024 00:01:39.877] [main/INFO] [ModdingLegacy/blue_skies/SkiesDataManager/]: Loaded 37 snowcap_oven_freezing_recipes
[11Mar2024 00:01:39.877] [main/INFO] [ModdingLegacy/blue_skies/SkiesDataManager/]: Loaded 7 horizonite_forge_fuels
[11Mar2024 00:01:39.878] [main/INFO] [ModdingLegacy/blue_skies/SkiesDataManager/]: Loaded 12 snowcap_mushroom_freezing
[11Mar2024 00:01:39.899] [main/INFO] [ModdingLegacy/blue_skies/SkiesDataManager/]: Loaded 70 alchemy_recipes
[11Mar2024 00:01:39.901] [main/INFO] [ModdingLegacy/blue_skies/SkiesDataManager/]: Loaded 81 journal/entries
[11Mar2024 00:01:39.901] [main/INFO] [ModdingLegacy/blue_skies/SkiesDataManager/]: Loaded 3 journal/sections
[11Mar2024 00:01:39.901] [main/INFO] [ModdingLegacy/blue_skies/SkiesDataManager/]: Loaded 7 journal/requirements
[11Mar2024 00:01:39.908] [main/INFO] [twilightforest/]: Loaded 9 Stalactite configs!
[11Mar2024 00:01:39.909] [main/ERROR] [bettervillage/]: Ice And Fire compatibility is not enabled for Better Village and Ice And Fire is present in your mod list.
     - Please install the datapack for better compatibility between Better Villages and Ice And Fire.
     - You can find the datapack URL in the `compatibility` section of the Better Villages description.
     - URL=https://www.curseforge.com/minecraft/mc-mods/better-village-forge
[11Mar2024 00:01:39.910] [main/INFO] [untamedwilds.UntamedWilds/]: Beginning loading of data for data loader: spawn_tables
[11Mar2024 00:01:39.911] [main/INFO] [untamedwilds.UntamedWilds/]: Data loader for spawn_tables loaded 8 jsons
[11Mar2024 00:01:39.911] [main/INFO] [untamedwilds.UntamedWilds/]: Beginning loading of data for data loader: entities
[11Mar2024 00:01:39.919] [main/INFO] [untamedwilds.UntamedWilds/]: Data loader for entities loaded 36 jsons
[11Mar2024 00:01:39.920] [main/INFO] [com.teamabnormals.blueprint.core.Blueprint/]: Structure Repaletter Manager has loaded 0 repaletters
[11Mar2024 00:01:40.131] [main/INFO] [com.teamabnormals.blueprint.core.Blueprint/]: Modded Biome Slice Manager has loaded 2 slices
[11Mar2024 00:01:40.136] [main/INFO] [com.teamabnormals.blueprint.core.Blueprint/]: Chunk Generator Modification Manager has loaded 1 modifier groups
[11Mar2024 00:01:40.145] [main/INFO] [supplementaries/]: Loaded  8 flute songs
[11Mar2024 00:01:40.156] [main/INFO] [quark/]: Modified advancement minecraft:husbandry/wax_on with 2 patches
[11Mar2024 00:01:40.156] [main/INFO] [quark/]: Modified advancement minecraft:adventure/kill_a_mob with 3 patches
[11Mar2024 00:01:40.157] [main/INFO] [quark/]: Modified advancement minecraft:husbandry/bred_all_animals with 3 patches
[11Mar2024 00:01:40.157] [main/INFO] [quark/]: Modified advancement minecraft:adventure/kill_all_mobs with 3 patches
[11Mar2024 00:01:40.159] [main/INFO] [quark/]: Modified advancement minecraft:husbandry/make_a_sign_glow with 1 patches
[11Mar2024 00:01:40.160] [main/INFO] [quark/]: Modified advancement minecraft:husbandry/balanced_diet with 3 patches
[11Mar2024 00:01:40.161] [main/INFO] [quark/]: Modified advancement minecraft:husbandry/plant_seed with 1 patches
[11Mar2024 00:01:40.161] [main/INFO] [quark/]: Modified advancement minecraft:nether/all_effects with 2 patches
[11Mar2024 00:01:40.162] [main/INFO] [quark/]: Modified advancement minecraft:husbandry/wax_off with 2 patches
[11Mar2024 00:01:40.162] [main/INFO] [quark/]: Modified advancement minecraft:adventure/adventuring_time with 1 patches
[11Mar2024 00:01:40.163] [main/INFO] [quark/]: Modified advancement minecraft:nether/all_potions with 1 patches
[11Mar2024 00:01:40.190] [main/WARN] [net.minecraftforge.registries.NamespacedHolderHelper/]: Not all defined tags for registry ResourceKey[minecraft:root / minecraft:block] are present in data pack: 1_splatus:spellbound/hot, 
	theabyss:tree_branch_replaceable
[11Mar2024 00:01:40.385] [main/INFO] [supplementaries/]: Finished additional setup in 102 ms
[11Mar2024 00:01:40.632] [Server thread/INFO] [net.minecraft.server.dedicated.DedicatedServer/]: Starting minecraft server version 1.19.2
[11Mar2024 00:01:40.632] [Server thread/INFO] [net.minecraft.server.dedicated.DedicatedServer/]: Loading properties
[11Mar2024 00:01:40.633] [Server thread/INFO] [net.minecraft.server.dedicated.DedicatedServer/]: Default game type: SURVIVAL
[11Mar2024 00:01:40.633] [Server thread/INFO] [net.minecraft.server.MinecraftServer/]: Generating keypair
[11Mar2024 00:01:40.715] [Server thread/INFO] [net.minecraft.server.dedicated.DedicatedServer/]: Starting Minecraft server on *:25565
[11Mar2024 00:01:40.756] [Server thread/INFO] [net.minecraft.server.network.ServerConnectionListener/]: Using epoll channel type
[11Mar2024 00:01:40.854] [Server thread/WARN] [net.minecraft.server.dedicated.DedicatedServer/]: **** SERVER IS RUNNING IN OFFLINE/INSECURE MODE!
[11Mar2024 00:01:40.855] [Server thread/WARN] [net.minecraft.server.dedicated.DedicatedServer/]: The server will make no attempt to authenticate usernames. Beware.
[11Mar2024 00:01:40.855] [Server thread/WARN] [net.minecraft.server.dedicated.DedicatedServer/]: While this makes the game possible to play without internet access, it also opens up the ability for hackers to connect with any username they choose.
[11Mar2024 00:01:40.855] [Server thread/WARN] [net.minecraft.server.dedicated.DedicatedServer/]: To change this, set "online-mode" to "true" in the server.properties file.
[11Mar2024 00:01:40.883] [Server thread/INFO] [journeymap/]: Loading JourneyMap Forge Configs
[11Mar2024 00:01:41.372] [Server thread/INFO] [atomicstryker.dynamiclights.server.modules.PlayerSelfLightSource/]: item config parser identified itemstack 1 torch
[11Mar2024 00:01:41.372] [Server thread/INFO] [atomicstryker.dynamiclights.server.modules.PlayerSelfLightSource/]: item config parser identified itemstack 1 glowstone
[11Mar2024 00:01:41.372] [Server thread/INFO] [atomicstryker.dynamiclights.server.modules.PlayerSelfLightSource/]: item config parser finished, item count: 2
[11Mar2024 00:01:41.372] [Server thread/INFO] [atomicstryker.dynamiclights.server.modules.PlayerSelfLightSource/]: item config parser identified itemstack 1 torch
[11Mar2024 00:01:41.372] [Server thread/INFO] [atomicstryker.dynamiclights.server.modules.PlayerSelfLightSource/]: item config parser finished, item count: 1
[11Mar2024 00:01:41.373] [Server thread/INFO] [atomicstryker.dynamiclights.server.modules.DroppedItemsLightSource/]: item config parser identified itemstack 1 torch
[11Mar2024 00:01:41.373] [Server thread/INFO] [atomicstryker.dynamiclights.server.modules.DroppedItemsLightSource/]: item config parser identified itemstack 1 glowstone
[11Mar2024 00:01:41.373] [Server thread/INFO] [atomicstryker.dynamiclights.server.modules.DroppedItemsLightSource/]: item config parser finished, item count: 2
[11Mar2024 00:01:41.373] [Server thread/INFO] [atomicstryker.dynamiclights.server.modules.DroppedItemsLightSource/]: item config parser identified itemstack 1 torch
[11Mar2024 00:01:41.373] [Server thread/INFO] [atomicstryker.dynamiclights.server.modules.DroppedItemsLightSource/]: item config parser finished, item count: 1
[11Mar2024 00:01:41.524] [Server thread/INFO] [spark/]: Starting background profiler...
[11Mar2024 00:01:41.928] [Server thread/INFO] [configured/]: Loading server configs...
[11Mar2024 00:01:41.938] [Server thread/WARN] [potionstudios.byg.BYG/]: "minecraft:none" is not a registered villager profession, skipping trade entry...
[11Mar2024 00:01:41.942] [Server thread/WARN] [potionstudios.byg.BYG/]: "minecraft:nitwit" is not a registered villager profession, skipping trade entry...
[11Mar2024 00:01:41.943] [Server thread/WARN] [potionstudios.byg.BYG/]: "blue_skies:stargazer" is not a registered villager profession, skipping trade entry...
[11Mar2024 00:01:41.944] [Server thread/WARN] [potionstudios.byg.BYG/]: "blue_skies:wrangler" is not a registered villager profession, skipping trade entry...
[11Mar2024 00:01:41.944] [Server thread/WARN] [potionstudios.byg.BYG/]: "blue_skies:shoveler" is not a registered villager profession, skipping trade entry...
[11Mar2024 00:01:41.945] [Server thread/WARN] [potionstudios.byg.BYG/]: "blue_skies:nightwatcher" is not a registered villager profession, skipping trade entry...
[11Mar2024 00:01:41.945] [Server thread/WARN] [potionstudios.byg.BYG/]: "blue_skies:summoner" is not a registered villager profession, skipping trade entry...
[11Mar2024 00:01:41.946] [Server thread/WARN] [potionstudios.byg.BYG/]: "blue_skies:alchemist" is not a registered villager profession, skipping trade entry...
[11Mar2024 00:01:42.373] [Server thread/INFO] [terrablender/]: Initialized TerraBlender biomes for level stem minecraft:overworld
[11Mar2024 00:01:42.374] [Server thread/INFO] [net.minecraft.server.dedicated.DedicatedServer/]: Preparing level "world"
[11Mar2024 00:01:42.874] [Server thread/INFO] [net.minecraft.server.MinecraftServer/]: Preparing start region for dimension minecraft:overworld
[11Mar2024 00:01:44.596] [Server thread/INFO] [net.minecraft.server.level.progress.LoggerChunkProgressListener/]: Preparing spawn area: 0%
[11Mar2024 00:01:44.598] [Server thread/INFO] [net.minecraft.server.level.progress.LoggerChunkProgressListener/]: Preparing spawn area: 0%
[11Mar2024 00:01:44.601] [Server thread/INFO] [net.minecraft.server.level.progress.LoggerChunkProgressListener/]: Preparing spawn area: 0%
[11Mar2024 00:01:44.602] [Server thread/INFO] [net.minecraft.server.level.progress.LoggerChunkProgressListener/]: Preparing spawn area: 0%
[11Mar2024 00:01:44.997] [Worker-Main-1/INFO] [net.minecraft.server.level.progress.LoggerChunkProgressListener/]: Preparing spawn area: 0%
[11Mar2024 00:01:45.403] [Server thread/INFO] [com.cupboard.Cupboard/]: Loaded config for: connectivity.json
[11Mar2024 00:01:45.422] [Server thread/WARN] [untamedwilds.UntamedWilds/]: There's no species provided for the EntityType
[11Mar2024 00:01:45.438] [Server thread/INFO] [net.minecraft.server.level.progress.LoggerChunkProgressListener/]: Preparing spawn area: 55%
[11Mar2024 00:01:45.612] [Server thread/WARN] [untamedwilds.UntamedWilds/]: There's no species provided for the EntityType
[11Mar2024 00:01:45.641] [Server thread/WARN] [untamedwilds.UntamedWilds/]: There's no species provided for the EntityType
[11Mar2024 00:01:45.706] [Server thread/WARN] [untamedwilds.UntamedWilds/]: There's no species provided for the EntityType
[11Mar2024 00:01:45.741] [Server thread/WARN] [untamedwilds.UntamedWilds/]: There's no species provided for the EntityType
[11Mar2024 00:01:45.750] [Server thread/WARN] [untamedwilds.UntamedWilds/]: There's no species provided for the EntityType
[11Mar2024 00:01:45.754] [Server thread/WARN] [untamedwilds.UntamedWilds/]: There's no species provided for the EntityType
[11Mar2024 00:01:45.755] [Server thread/WARN] [untamedwilds.UntamedWilds/]: There's no species provided for the EntityType
[11Mar2024 00:01:45.804] [Server thread/WARN] [untamedwilds.UntamedWilds/]: There's no species provided for the EntityType
[11Mar2024 00:01:45.814] [Server thread/WARN] [untamedwilds.UntamedWilds/]: There's no species provided for the EntityType
[11Mar2024 00:01:45.815] [Server thread/WARN] [untamedwilds.UntamedWilds/]: There's no species provided for the EntityType
[11Mar2024 00:01:45.816] [Server thread/WARN] [untamedwilds.UntamedWilds/]: There's no species provided for the EntityType
[11Mar2024 00:01:45.818] [Server thread/WARN] [untamedwilds.UntamedWilds/]: There's no species provided for the EntityType
[11Mar2024 00:01:45.820] [Server thread/WARN] [untamedwilds.UntamedWilds/]: There's no species provided for the EntityType
[11Mar2024 00:01:45.837] [Server thread/WARN] [untamedwilds.UntamedWilds/]: There's no species provided for the EntityType
[11Mar2024 00:01:45.880] [Server thread/WARN] [untamedwilds.UntamedWilds/]: There's no species provided for the EntityType
[11Mar2024 00:01:45.883] [Server thread/WARN] [untamedwilds.UntamedWilds/]: There's no species provided for the EntityType
[11Mar2024 00:01:45.884] [Server thread/WARN] [untamedwilds.UntamedWilds/]: There's no species provided for the EntityType
[11Mar2024 00:01:45.886] [Server thread/WARN] [untamedwilds.UntamedWilds/]: There's no species provided for the EntityType
[11Mar2024 00:01:45.886] [Worker-Main-3/INFO] [net.minecraft.server.level.progress.LoggerChunkProgressListener/]: Preparing spawn area: 100%
[11Mar2024 00:01:45.888] [Server thread/WARN] [untamedwilds.UntamedWilds/]: There's no species provided for the EntityType
[11Mar2024 00:01:45.891] [Server thread/WARN] [untamedwilds.UntamedWilds/]: There's no species provided for the EntityType
[11Mar2024 00:01:45.892] [Server thread/WARN] [untamedwilds.UntamedWilds/]: There's no species provided for the EntityType
[11Mar2024 00:01:45.896] [Server thread/WARN] [untamedwilds.UntamedWilds/]: There's no species provided for the EntityType
[11Mar2024 00:01:45.899] [Server thread/WARN] [untamedwilds.UntamedWilds/]: There's no species provided for the EntityType
[11Mar2024 00:01:45.900] [Server thread/WARN] [untamedwilds.UntamedWilds/]: There's no species provided for the EntityType
[11Mar2024 00:01:45.902] [Server thread/WARN] [untamedwilds.UntamedWilds/]: There's no species provided for the EntityType
[11Mar2024 00:01:45.904] [Server thread/WARN] [untamedwilds.UntamedWilds/]: There's no species provided for the EntityType
[11Mar2024 00:01:45.910] [Server thread/WARN] [untamedwilds.UntamedWilds/]: There's no species provided for the EntityType
[11Mar2024 00:01:45.925] [Server thread/WARN] [untamedwilds.UntamedWilds/]: There's no species provided for the EntityType
[11Mar2024 00:01:45.926] [Server thread/WARN] [untamedwilds.UntamedWilds/]: There's no species provided for the EntityType
[11Mar2024 00:01:45.927] [Server thread/WARN] [untamedwilds.UntamedWilds/]: There's no species provided for the EntityType
[11Mar2024 00:01:45.928] [Server thread/WARN] [untamedwilds.UntamedWilds/]: There's no species provided for the EntityType
[11Mar2024 00:01:45.930] [Server thread/WARN] [untamedwilds.UntamedWilds/]: There's no species provided for the EntityType
[11Mar2024 00:01:45.936] [Server thread/WARN] [untamedwilds.UntamedWilds/]: There's no species provided for the EntityType
[11Mar2024 00:01:45.938] [Server thread/WARN] [untamedwilds.UntamedWilds/]: There's no species provided for the EntityType
[11Mar2024 00:01:45.940] [Server thread/WARN] [net.minecraft.network.syncher.SynchedEntityData/]: defineId called for: class dev.itsmeow.whisperwoods.entity.EntityMoth from class dev.itsmeow.whisperwoods.imdlib.entity.EntityTypeContainer
[11Mar2024 00:01:45.941] [Server thread/WARN] [net.minecraft.network.syncher.SynchedEntityData/]: defineId called for: class dev.itsmeow.whisperwoods.entity.EntityMoth from class dev.itsmeow.whisperwoods.imdlib.entity.util.EntityTypeContainerContainable
[11Mar2024 00:01:45.943] [Server thread/WARN] [untamedwilds.UntamedWilds/]: There's no species provided for the EntityType
[11Mar2024 00:01:45.966] [Server thread/WARN] [untamedwilds.UntamedWilds/]: There's no species provided for the EntityType
[11Mar2024 00:01:45.973] [Server thread/WARN] [untamedwilds.UntamedWilds/]: There's no species provided for the EntityType
[11Mar2024 00:01:45.974] [Server thread/WARN] [untamedwilds.UntamedWilds/]: There's no species provided for the EntityType
[11Mar2024 00:01:45.983] [Server thread/WARN] [untamedwilds.UntamedWilds/]: There's no species provided for the EntityType
[11Mar2024 00:01:46.016] [Server thread/INFO] [net.minecraft.server.level.progress.LoggerChunkProgressListener/]: Time elapsed: 3141 ms
[11Mar2024 00:01:46.017] [Server thread/INFO] [net.minecraft.server.dedicated.DedicatedServer/]: Done (5.152s)! For help, type "help"
[11Mar2024 00:01:46.094] [Server thread/INFO] [net.minecraftforge.server.permission.PermissionAPI/]: Successfully initialized permission handler forge:default_handler
[11Mar2024 00:01:46.098] [Server thread/INFO] [mcp.mobius.waila.config.PluginConfig/]: [WTHIT] Plugin config reloaded
[11Mar2024 00:01:46.149] [Server thread/INFO] [com.cupboard.Cupboard/]: Loaded config for: chunksending.json
[11Mar2024 00:01:46.150] [Server thread/INFO] [com.cupboard.Cupboard/]: Loaded config for: betterfpsdist.json
[11Mar2024 00:01:46.150] [Server thread/INFO] [com.cupboard.Cupboard/]: Loaded config for: lootintegrations.json
[11Mar2024 00:01:46.154] [Server thread/INFO] [com.cupboard.Cupboard/]: Loaded config for: dragonfight.json
[11Mar2024 00:01:46.155] [Server thread/INFO] [com.github.alexthe666.iceandfire.IceAndFire/]: {iceandfire:fire_dragon_roost=true, iceandfire:fire_lily=true, iceandfire:spawn_dragon_skeleton_fire=true, iceandfire:lightning_dragon_roost=true, iceandfire:spawn_dragon_skeleton_lightning=true, iceandfire:ice_dragon_roost=true, iceandfire:ice_dragon_cave=true, iceandfire:lightning_dragon_cave=true, iceandfire:cyclops_cave=true, iceandfire:spawn_wandering_cyclops=true, iceandfire:spawn_sea_serpent=true, iceandfire:frost_lily=true, iceandfire:hydra_cave=true, iceandfire:lightning_lily=true, iceandfire:pixie_village=true, iceandfire:myrmex_hive_jungle=true, iceandfire:myrmex_hive_desert=true, iceandfire:silver_ore=true, iceandfire:siren_island=true, iceandfire:spawn_dragon_skeleton_ice=true, iceandfire:spawn_stymphalian_bird=true, iceandfire:fire_dragon_cave=true, iceandfire:sapphire_ore=true, iceandfire:spawn_hippocampus=true, iceandfire:spawn_death_worm=true}
[11Mar2024 00:01:46.156] [Server thread/INFO] [com.github.alexthe666.iceandfire.IceAndFire/]: {TROLL_S=true, HIPPOGRYPH=true, AMPHITHERE=true, COCKATRICE=true, TROLL_M=true, DREAD_LICH=true, TROLL_F=true}
[11Mar2024 00:01:46.157] [Server thread/WARN] [ModernFix/]: Dedicated server took 45.749 seconds to load
[11Mar2024 00:02:17.143] [Server thread/INFO] [net.minecraftforge.common.AdvancementLoadFix/]: Using new advancement loading for net.minecraft.server.PlayerAdvancements@e4a8fc0
[11Mar2024 00:02:17.179] [Server thread/INFO] [net.minecraft.server.players.PlayerList/]: gerobrines[/[0:0:0:0:0:0:0:1%0]:55148] logged in with entity id 432 at (339.30000001192093, 66.0, -157.15903172135518)
[11Mar2024 00:02:17.302] [Server thread/INFO] [ModdingLegacy/blue_skies/]: Sending ToolHandleTypeManager to gerobrines
[11Mar2024 00:02:17.304] [Server thread/INFO] [ModdingLegacy/blue_skies/]: Sending SnowcapOvenFreezingManager to gerobrines
[11Mar2024 00:02:17.305] [Server thread/INFO] [ModdingLegacy/blue_skies/]: Sending HorizoniteForgeFuelManager to gerobrines
[11Mar2024 00:02:17.306] [Server thread/INFO] [ModdingLegacy/blue_skies/]: Sending AlchemyRecipeManager to gerobrines
[11Mar2024 00:02:17.310] [Server thread/INFO] [ModdingLegacy/blue_skies/]: Sending JournalEntryManager to gerobrines
[11Mar2024 00:02:17.315] [Server thread/INFO] [ModdingLegacy/blue_skies/]: Sending JournalSectionManager to gerobrines
[11Mar2024 00:02:17.316] [Server thread/INFO] [ModdingLegacy/blue_skies/]: Sending JournalRequirementManager to gerobrines
[11Mar2024 00:02:17.399] [Server thread/INFO] [net.minecraft.server.MinecraftServer/]: gerobrines joined the game
[11Mar2024 00:02:17.475] [Server thread/INFO] [untamedwilds.UntamedWilds/]: Firing player login event
[11Mar2024 00:02:17.483] [Server thread/INFO] [Jade/]: Syncing config to gerobrines (7324c3e3-2738-39c0-bdeb-086fe0f976c5)
[11Mar2024 00:02:24.703] [Worker-Main-2/ERROR] [net.minecraft.world.entity.decoration.HangingEntity/]: Hanging entity at invalid position: BlockPos{x=-284, y=26, z=-592}
[11Mar2024 00:02:24.715] [Worker-Main-2/ERROR] [net.minecraft.world.entity.decoration.HangingEntity/]: Hanging entity at invalid position: BlockPos{x=-284, y=27, z=-592}
[11Mar2024 00:02:24.715] [Worker-Main-2/ERROR] [net.minecraft.world.entity.decoration.HangingEntity/]: Hanging entity at invalid position: BlockPos{x=-275, y=27, z=-591}
[11Mar2024 00:02:24.716] [Worker-Main-2/ERROR] [net.minecraft.world.entity.decoration.HangingEntity/]: Hanging entity at invalid position: BlockPos{x=-282, y=35, z=-587}
[11Mar2024 00:02:25.419] [Worker-Main-3/ERROR] [net.minecraft.world.entity.decoration.HangingEntity/]: Hanging entity at invalid position: BlockPos{x=-284, y=26, z=-592}
[11Mar2024 00:02:25.421] [Worker-Main-3/ERROR] [net.minecraft.world.entity.decoration.HangingEntity/]: Hanging entity at invalid position: BlockPos{x=-284, y=27, z=-592}
[11Mar2024 00:02:25.422] [Worker-Main-3/ERROR] [net.minecraft.world.entity.decoration.HangingEntity/]: Hanging entity at invalid position: BlockPos{x=-275, y=27, z=-591}
[11Mar2024 00:02:25.422] [Worker-Main-3/ERROR] [net.minecraft.world.entity.decoration.HangingEntity/]: Hanging entity at invalid position: BlockPos{x=-282, y=35, z=-587}
[11Mar2024 00:02:26.735] [Worker-Main-3/ERROR] [net.minecraft.world.entity.decoration.HangingEntity/]: Hanging entity at invalid position: BlockPos{x=-284, y=26, z=-592}
[11Mar2024 00:02:26.737] [Worker-Main-3/ERROR] [net.minecraft.world.entity.decoration.HangingEntity/]: Hanging entity at invalid position: BlockPos{x=-284, y=27, z=-592}
[11Mar2024 00:02:26.738] [Worker-Main-3/ERROR] [net.minecraft.world.entity.decoration.HangingEntity/]: Hanging entity at invalid position: BlockPos{x=-275, y=27, z=-591}
[11Mar2024 00:02:26.739] [Worker-Main-3/ERROR] [net.minecraft.world.entity.decoration.HangingEntity/]: Hanging entity at invalid position: BlockPos{x=-282, y=35, z=-587}
[11Mar2024 00:02:27.552] [Worker-Main-3/ERROR] [net.minecraft.world.entity.decoration.HangingEntity/]: Hanging entity at invalid position: BlockPos{x=-284, y=26, z=-592}
[11Mar2024 00:02:27.556] [Worker-Main-3/ERROR] [net.minecraft.world.entity.decoration.HangingEntity/]: Hanging entity at invalid position: BlockPos{x=-284, y=27, z=-592}
[11Mar2024 00:02:27.556] [Worker-Main-3/ERROR] [net.minecraft.world.entity.decoration.HangingEntity/]: Hanging entity at invalid position: BlockPos{x=-275, y=27, z=-591}
[11Mar2024 00:02:27.557] [Worker-Main-3/ERROR] [net.minecraft.world.entity.decoration.HangingEntity/]: Hanging entity at invalid position: BlockPos{x=-282, y=35, z=-587}
[11Mar2024 00:02:27.676] [Worker-Main-1/ERROR] [net.minecraft.world.entity.decoration.HangingEntity/]: Hanging entity at invalid position: BlockPos{x=-235, y=27, z=-544}
[11Mar2024 00:02:27.676] [Worker-Main-1/ERROR] [net.minecraft.world.entity.decoration.HangingEntity/]: Hanging entity at invalid position: BlockPos{x=-234, y=32, z=-539}
[11Mar2024 00:02:28.078] [Server thread/WARN] [net.minecraft.server.MinecraftServer/]: Can't keep up! Is the server overloaded? Running 10870ms or 217 ticks behind
[11Mar2024 00:02:28.850] [Worker-Main-2/ERROR] [net.minecraft.world.entity.decoration.HangingEntity/]: Hanging entity at invalid position: BlockPos{x=-365, y=26, z=-615}
[11Mar2024 00:02:28.851] [Worker-Main-2/ERROR] [net.minecraft.world.entity.decoration.HangingEntity/]: Hanging entity at invalid position: BlockPos{x=-364, y=26, z=-609}
[11Mar2024 00:02:28.851] [Worker-Main-2/ERROR] [net.minecraft.world.entity.decoration.HangingEntity/]: Hanging entity at invalid position: BlockPos{x=-366, y=26, z=-609}
[11Mar2024 00:02:28.852] [Worker-Main-2/ERROR] [net.minecraft.world.entity.decoration.HangingEntity/]: Hanging entity at invalid position: BlockPos{x=-366, y=26, z=-613}
[11Mar2024 00:02:28.852] [Worker-Main-2/ERROR] [net.minecraft.world.entity.decoration.HangingEntity/]: Hanging entity at invalid position: BlockPos{x=-365, y=26, z=-613}
[11Mar2024 00:02:28.852] [Worker-Main-2/ERROR] [net.minecraft.world.entity.decoration.HangingEntity/]: Hanging entity at invalid position: BlockPos{x=-364, y=26, z=-613}
[11Mar2024 00:02:28.853] [Worker-Main-2/ERROR] [net.minecraft.world.entity.decoration.HangingEntity/]: Hanging entity at invalid position: BlockPos{x=-358, y=26, z=-614}
[11Mar2024 00:02:28.853] [Worker-Main-2/ERROR] [net.minecraft.world.entity.decoration.HangingEntity/]: Hanging entity at invalid position: BlockPos{x=-358, y=26, z=-615}
[11Mar2024 00:02:28.853] [Worker-Main-2/ERROR] [net.minecraft.world.entity.decoration.HangingEntity/]: Hanging entity at invalid position: BlockPos{x=-358, y=26, z=-616}
[11Mar2024 00:02:28.853] [Worker-Main-2/ERROR] [net.minecraft.world.entity.decoration.HangingEntity/]: Hanging entity at invalid position: BlockPos{x=-356, y=26, z=-615}
[11Mar2024 00:02:28.854] [Worker-Main-2/ERROR] [net.minecraft.world.entity.decoration.HangingEntity/]: Hanging entity at invalid position: BlockPos{x=-356, y=26, z=-614}
[11Mar2024 00:02:28.855] [Worker-Main-2/ERROR] [net.minecraft.world.entity.decoration.HangingEntity/]: Hanging entity at invalid position: BlockPos{x=-365, y=26, z=-607}
[11Mar2024 00:02:28.855] [Worker-Main-2/ERROR] [net.minecraft.world.entity.decoration.HangingEntity/]: Hanging entity at invalid position: BlockPos{x=-358, y=26, z=-606}
[11Mar2024 00:02:28.856] [Worker-Main-2/ERROR] [net.minecraft.world.entity.decoration.HangingEntity/]: Hanging entity at invalid position: BlockPos{x=-356, y=26, z=-606}
[11Mar2024 00:02:28.882] [Worker-Main-1/ERROR] [net.minecraft.world.entity.decoration.HangingEntity/]: Hanging entity at invalid position: BlockPos{x=-364, y=26, z=-630}
[11Mar2024 00:02:28.883] [Worker-Main-1/ERROR] [net.minecraft.world.entity.decoration.HangingEntity/]: Hanging entity at invalid position: BlockPos{x=-364, y=26, z=-631}
[11Mar2024 00:02:28.883] [Worker-Main-1/ERROR] [net.minecraft.world.entity.decoration.HangingEntity/]: Hanging entity at invalid position: BlockPos{x=-362, y=26, z=-631}
[11Mar2024 00:02:28.883] [Worker-Main-1/ERROR] [net.minecraft.world.entity.decoration.HangingEntity/]: Hanging entity at invalid position: BlockPos{x=-362, y=26, z=-629}
[11Mar2024 00:02:28.883] [Worker-Main-1/ERROR] [net.minecraft.world.entity.decoration.HangingEntity/]: Hanging entity at invalid position: BlockPos{x=-356, y=26, z=-626}
[11Mar2024 00:02:28.884] [Worker-Main-1/ERROR] [net.minecraft.world.entity.decoration.HangingEntity/]: Hanging entity at invalid position: BlockPos{x=-355, y=26, z=-628}
[11Mar2024 00:02:28.884] [Worker-Main-1/ERROR] [net.minecraft.world.entity.decoration.HangingEntity/]: Hanging entity at invalid position: BlockPos{x=-354, y=26, z=-626}
[11Mar2024 00:02:28.884] [Worker-Main-1/ERROR] [net.minecraft.world.entity.decoration.HangingEntity/]: Hanging entity at invalid position: BlockPos{x=-364, y=26, z=-623}
[11Mar2024 00:02:28.885] [Worker-Main-1/ERROR] [net.minecraft.world.entity.decoration.HangingEntity/]: Hanging entity at invalid position: BlockPos{x=-362, y=26, z=-622}
[11Mar2024 00:02:28.885] [Worker-Main-1/ERROR] [net.minecraft.world.entity.decoration.HangingEntity/]: Hanging entity at invalid position: BlockPos{x=-362, y=26, z=-623}
[11Mar2024 00:02:28.885] [Worker-Main-1/ERROR] [net.minecraft.world.entity.decoration.HangingEntity/]: Hanging entity at invalid position: BlockPos{x=-354, y=26, z=-622}
[11Mar2024 00:02:28.885] [Worker-Main-1/ERROR] [net.minecraft.world.entity.decoration.HangingEntity/]: Hanging entity at invalid position: BlockPos{x=-355, y=26, z=-622}
[11Mar2024 00:02:28.886] [Worker-Main-1/ERROR] [net.minecraft.world.entity.decoration.HangingEntity/]: Hanging entity at invalid position: BlockPos{x=-355, y=26, z=-620}
[11Mar2024 00:02:28.886] [Worker-Main-1/ERROR] [net.minecraft.world.entity.decoration.HangingEntity/]: Hanging entity at invalid position: BlockPos{x=-356, y=26, z=-620}
[11Mar2024 00:02:42.303] [Server thread/WARN] [net.minecraft.world.level.entity.PersistentEntitySectionManager/]: UUID of added entity already exists: Villager['Villager'/1122, l='ServerLevel[world]', x=295.37, y=65.00, z=-189.28]
[11Mar2024 00:02:45.244] [Server thread/WARN] [net.minecraft.world.level.entity.PersistentEntitySectionManager/]: UUID of added entity already exists: Cat['Cat'/1295, l='ServerLevel[world]', x=265.49, y=65.42, z=-203.58]
[11Mar2024 00:02:45.245] [Server thread/WARN] [net.minecraft.world.level.entity.PersistentEntitySectionManager/]: UUID of added entity already exists: Cat['Cat'/1296, l='ServerLevel[world]', x=265.49, y=65.00, z=-193.14]
[11Mar2024 00:02:45.669] [Server thread/WARN] [net.minecraft.world.level.entity.PersistentEntitySectionManager/]: UUID of added entity already exists: Cat['Cat'/1334, l='ServerLevel[world]', x=265.51, y=69.00, z=-149.49]
[11Mar2024 00:02:46.593] [Server thread/WARN] [net.minecraft.server.MinecraftServer/]: Can't keep up! Is the server overloaded? Running 2085ms or 41 ticks behind
[11Mar2024 00:02:47.222] [Server thread/WARN] [net.minecraft.world.level.entity.PersistentEntitySectionManager/]: UUID of added entity already exists: Cow['Cow'/1400, l='ServerLevel[world]', x=255.22, y=65.00, z=-179.46]
[11Mar2024 00:02:59.423] [Server thread/INFO] [net.minecraft.server.network.ServerGamePacketListenerImpl/]: gerobrines lost connection: Disconnected
[11Mar2024 00:02:59.425] [Server thread/INFO] [net.minecraft.server.MinecraftServer/]: gerobrines left the game
[11Mar2024 00:03:03.497] [Server console handler/ERROR] [net.minecraft.server.dedicated.DedicatedServer/]: Caught previously unhandled exception :
java.lang.NoClassDefFoundError: org/jline/terminal/Terminal$MouseTracking
	at org.jline.reader.impl.LineReaderImpl.doCleanup(LineReaderImpl.java:2432) ~[jline-reader-3.12.1.jar%2361!/:?]
	at org.jline.reader.impl.LineReaderImpl.cleanup(LineReaderImpl.java:2419) ~[jline-reader-3.12.1.jar%2361!/:?]
	at org.jline.reader.impl.LineReaderImpl.readLine(LineReaderImpl.java:648) ~[jline-reader-3.12.1.jar%2361!/:?]
	at org.jline.reader.impl.LineReaderImpl.readLine(LineReaderImpl.java:418) ~[jline-reader-3.12.1.jar%2361!/:?]
	at net.minecraftforge.server.console.TerminalHandler.handleCommands(TerminalHandler.java:46) ~[forge-1.19.2-43.3.8-universal.jar%23336!/:?]
	at net.minecraft.server.dedicated.DedicatedServer$1.run(DedicatedServer.java:85) ~[server-1.19.2-20220805.130853-srg.jar%23331!/:?]
Caused by: java.lang.ClassNotFoundException: org.jline.terminal.Terminal$MouseTracking
	at cpw.mods.cl.ModuleClassLoader.loadClass(ModuleClassLoader.java:141) ~[securejarhandler-2.1.4.jar:?]
	at java.lang.ClassLoader.loadClass(ClassLoader.java:526) ~[?:?]
	... 6 more
[11Mar2024 00:03:03.727] [Server thread/INFO] [net.minecraft.server.MinecraftServer/]: Stopping server
[11Mar2024 00:03:03.728] [Server thread/INFO] [net.minecraft.server.MinecraftServer/]: Saving players
[11Mar2024 00:03:03.728] [Server thread/INFO] [net.minecraft.server.MinecraftServer/]: Saving worlds
